SID,SEASON,BASIN,SUBBASIN,NAME,LAT,LON,DIST2LAND,LANDFALL,USA_WIND,USA_PRES,USA_SSHS,USA_R50_NE,USA_R50_SE,USA_R50_SW,USA_R50_NW,STORM_SPEED,STORM_DIR
2015012N09146,2015,WP,MM,MEKKHALA,11.2,127.2,154,114,68,972,1,28,28,28,28,9,290
2015012N09146,2015,WP,MM,MEKKHALA,11.4,126.7,107,79,70,970,1,30,30,30,30,10,300
2015012N09146,2015,WP,MM,MEKKHALA,11.7,126.3,83,48,68,972,1,30,28,28,30,10,300
2015012N09146,2015,WP,MM,MEKKHALA,11.9,125.8,39,10,65,974,1,30,25,25,30,9,300
2015047S12142,2015,SP,EA,LAM,-11.2,137.2,126,109,65,974,1,25,25,25,25,6,290
2015047S12142,2015,SP,EA,LAM,-11,136.9,120,114,68,972,1,25,25,25,25,5,290
2015047S12142,2015,SP,EA,LAM,-11,136.4,123,112,70,970,1,40,40,40,40,2,235
2015047S12142,2015,SP,EA,LAM,-11,136.3,114,95,73,969,1,40,40,40,40,3,215
2015047S12142,2015,SP,EA,LAM,-11.2,136.2,95,95,75,967,1,40,40,40,40,3,220
2015047S12142,2015,SP,EA,LAM,-11.2,136.1,99,89,78,965,1,40,35,40,40,3,230
2015047S12142,2015,SP,EA,LAM,-11.3,136,92,68,80,963,1,40,30,40,40,4,225
2015047S12142,2015,SP,EA,LAM,-11.5,135.9,68,44,85,960,2,40,35,35,43,4,220
2015047S12142,2015,SP,EA,LAM,-11.7,135.7,44,33,90,956,2,40,40,30,45,5,225
2015047S12142,2015,SP,EA,LAM,-11.8,135.5,35,22,95,952,2,40,40,30,45,5,225
2015047S12142,2015,SP,EA,LAM,-12,135.4,22,11,100,948,3,40,40,30,45,5,235
2015047S12142,2015,SP,EA,LAM,-12.1,135.1,15,10,83,961,2,40,40,30,45,5,235
2015047S12142,2015,SP,EA,LAM,-12.2,135.1,10,0,77,965,1,40,40,30,45,6,210
2015047S12142,2015,SI,WA,LAM,-12.4,135,0,0,65,974,1,40,40,30,45,7,205
2015047S15152,2015,SP,EA,MARCIA,-21.2,150.5,122,84,120,933,4,45,40,45,50,8,185
2015047S15152,2015,SP,EA,MARCIA,-21.7,150.5,84,22,125,929,4,40,40,50,50,10,0
2015047S15152,2015,SP,EA,MARCIA,-22.2,150.5,22,0,120,933,4,40,40,50,50,11,0
2015047S15152,2015,SP,EA,MARCIA,-22.6,150.5,10,0,117,936,4,40,40,50,50,11,185
2015047S15152,2015,SP,EA,MARCIA,-22.8,150.5,0,0,115,937,4,40,40,50,50,10,180
2015047S15152,2015,SP,EA,MARCIA,-23.3,150.5,0,0,95,952,2,40,40,50,50,10,175
2015047S15152,2015,SP,EA,MARCIA,-23.8,150.6,0,0,75,967,1,40,40,50,50,10,165
2015047S15152,2015,SP,EA,MARCIA,-24.2,150.8,0,0,65,975,1,40,40,45,45,9,150
2015066S08170,2015,SP,MM,PAM,-16.2,168.9,117,106,145,915,5,70,80,70,60,8,200
2015066S08170,2015,SP,MM,PAM,-16.6,168.8,106,96,150,911,5,70,80,70,60,9,195
2015066S08170,2015,SP,MM,PAM,-17,168.7,105,105,150,911,5,70,80,70,60,10,185
2015068S12151,2015,SP,EA,NATHAN,-14.7,146.5,133,82,93,954,2,33,43,40,33,9,265
2015068S12151,2015,SP,EA,NATHAN,-14.8,146,82,31,95,952,2,25,35,30,25,9,270
2015068S12151,2015,SP,EA,NATHAN,-14.8,145.5,31,15,98,950,3,35,43,35,33,9,275
2015068S12151,2015,SP,EA,NATHAN,-14.7,145.1,15,10,100,948,3,45,50,40,40,9,280
2015068S12151,2015,SP,EA,NATHAN,-14.7,145,10,0,98,949,3,45,50,40,40,9,285
2015068S12151,2015,SP,EA,NATHAN,-14.6,144.6,0,0,90,956,2,43,48,38,38,9,285
2015068S12151,2015,SP,EA,NATHAN,-14.5,144.2,0,0,80,963,1,40,45,35,35,9,280
2015068S12151,2015,SP,EA,NATHAN,-14.5,143.7,0,0,73,969,1,40,45,35,35,9,275
2015068S12151,2015,SP,EA,NATHAN,-14.4,143.2,0,0,65,974,1,40,45,35,35,9,275
2015068S12151,2015,SP,EA,NATHAN,-12.7,136.8,0,0,65,974,1,10,10,10,10,9,300
2015068S12151,2015,SP,EA,NATHAN,-12.4,136.4,0,0,65,974,1,10,10,10,10,8,305
2015068S12151,2015,SP,EA,NATHAN,-12.2,136.1,10,10,65,974,1,10,10,10,10,7,315
2015068S12151,2015,SP,EA,NATHAN,-11.7,135.5,57,49,65,974,1,10,10,10,10,4,275
2015068S12151,2015,SP,EA,NATHAN,-11.7,135.2,55,46,65,974,1,15,15,15,15,5,265
2015068S12151,2015,SI,WA,NATHAN,-11.7,134.9,46,44,65,974,1,15,15,15,15,5,280
2015068S12151,2015,SI,WA,NATHAN,-11.6,134.7,55,55,65,974,1,15,15,15,15,4,295
2015068S12151,2015,SI,WA,NATHAN,-11.5,134.5,64,60,65,974,1,20,20,20,20,3,295
2015068S12151,2015,SI,WA,NATHAN,-11.5,134.4,70,62,65,974,1,25,25,25,25,3,285
2015068S14113,2015,SI,WA,OLWYN,-20.5,114.3,147,100,73,969,1,60,65,55,50,12,205
2015068S14113,2015,SI,WA,OLWYN,-21,114.1,100,45,75,967,1,60,65,55,50,11,200
2015068S14113,2015,SI,WA,OLWYN,-21.5,113.9,45,23,78,965,1,60,65,55,50,12,195
2015068S14113,2015,SI,WA,OLWYN,-21.9,113.8,20,10,79,964,1,60,65,55,50,15,190
2015068S14113,2015,SI,WA,OLWYN,-22.2,113.8,10,0,80,963,1,60,65,55,50,15,190
2015068S14113,2015,SI,WA,OLWYN,-22.9,113.7,10,10,85,960,2,63,68,55,50,14,185
2015068S14113,2015,SI,WA,OLWYN,-23.1,113.6,20,15,86,959,2,63,68,55,50,15,185
2015068S14113,2015,SI,WA,OLWYN,-23.6,113.6,15,0,90,956,2,65,70,55,50,14,190
2015068S14113,2015,SI,WA,OLWYN,-24.3,113.4,10,0,85,960,2,63,68,58,45,13,190
2015068S14113,2015,SI,WA,OLWYN,-24.9,113.4,20,20,80,963,1,60,65,60,40,12,180
2015068S14113,2015,SI,WA,OLWYN,-25.2,113.4,32,22,76,966,1,60,65,60,40,12,165
2015068S14113,2015,SI,WA,OLWYN,-25.5,113.5,11,0,73,969,1,60,65,60,40,14,155
2015068S14113,2015,SI,WA,OLWYN,-26.1,113.9,0,0,65,974,1,60,65,60,40,16,155
2015117S12115,2015,SI,WA,QUANG,-18.9,110.8,473,0,115,937,4,50,55,50,45,13,140
2015117S12115,2015,SI,WA,QUANG,-20.7,113,169,78,95,952,2,50,55,50,45,16,135
2015117S12115,2015,SI,WA,QUANG,-21.3,113.6,78,22,78,965,1,48,53,48,43,15,135
2015122N07144,2015,WP,MM,NOUL,16.5,123.6,125,85,138,920,5,65,63,60,65,10,325
2015122N07144,2015,WP,MM,NOUL,17,123.3,85,62,140,918,5,45,50,45,45,11,325
2015122N07144,2015,WP,MM,NOUL,17.4,122.9,54,46,140,918,5,65,63,60,65,11,325
2015122N07144,2015,WP,MM,NOUL,17.8,122.6,52,23,140,918,5,85,75,75,85,9,330
2015122N07144,2015,WP,MM,NOUL,18.2,122.5,23,10,135,922,4,85,75,73,83,8,340
2015122N07144,2015,WP,MM,NOUL,18.6,122.3,22,22,130,926,4,85,75,70,80,9,345
2015122N07144,2015,WP,MM,NOUL,19.1,122.2,78,78,123,932,4,85,75,70,80,10,345
2015162N12262,2015,EP,MM,CARLOS,15.6,-100.1,130,114,70,981,1,40,40,30,30,4,340
2015162N12262,2015,EP,MM,CARLOS,15.8,-100.2,114,101,68,983,1,35,35,30,30,4,335
2015162N12262,2015,EP,MM,CARLOS,16,-100.3,101,89,65,984,1,30,30,30,30,5,325
2015162N12262,2015,EP,MM,CARLOS,16.2,-100.5,94,79,65,986,1,30,30,25,30,6,315
2015162N12262,2015,EP,MM,CARLOS,16.4,-100.7,81,74,65,988,1,30,30,20,30,5,305
2015162N12262,2015,EP,MM,CARLOS,17.1,-103.4,123,116,68,990,1,20,20,10,20,4,300
2015162N12262,2015,EP,MM,CARLOS,17.2,-103.6,119,113,70,989,1,20,20,10,20,4,295
2015162N12262,2015,EP,MM,CARLOS,17.3,-103.8,116,109,73,988,1,20,20,15,20,4,300
2015162N12262,2015,EP,MM,CARLOS,17.4,-104,113,109,75,987,1,20,20,20,20,4,305
2015162N12262,2015,EP,MM,CARLOS,17.5,-104.2,116,107,78,986,1,20,20,20,20,4,315
2015162N12262,2015,EP,MM,CARLOS,17.7,-104.3,108,101,80,984,1,20,20,20,20,5,330
2015162N12262,2015,EP,MM,CARLOS,17.9,-104.4,105,91,75,987,1,20,20,20,20,5,340
2015162N12262,2015,EP,MM,CARLOS,18.2,-104.5,91,74,70,989,1,20,20,20,20,6,345
2015180N09160,2015,WP,MM,CHAN-HOM,28.2,123,137,102,85,960,2,105,85,85,110,9,335
2015180N09160,2015,WP,MM,CHAN-HOM,28.6,122.8,102,62,80,963,1,100,80,80,105,10,335
2015180N09160,2015,WP,MM,CHAN-HOM,29.1,122.6,59,44,75,967,1,95,75,75,98,9,340
2015180N09160,2015,WP,MM,CHAN-HOM,29.5,122.4,48,48,70,970,1,90,70,70,90,8,0
2015180N09160,2015,WP,MM,CHAN-HOM,29.9,122.6,68,68,68,972,1,78,63,60,75,9,20
2015180N09160,2015,WP,MM,CHAN-HOM,30.4,122.8,102,95,65,974,1,65,55,50,60,11,20
2015183N13130,2015,WP,MM,LINFA,22.5,117.7,127,98,75,967,1,25,25,25,25,7,290
2015183N13130,2015,WP,MM,LINFA,22.6,117.3,88,46,73,969,1,25,25,25,25,8,290
2015183N13130,2015,WP,MM,LINFA,22.7,116.9,46,11,70,970,1,25,25,25,25,10,285
2015183N13130,2015,WP,MM,LINFA,22.8,116.3,15,0,65,974,1,28,28,28,28,12,280
2015184N08172,2015,WP,MM,NANGKA,32,134.5,136,82,70,970,1,75,70,75,65,10,355
2015184N08172,2015,WP,MM,NANGKA,32.5,134.4,80,24,68,972,1,73,70,70,65,11,350
2015184N08172,2015,WP,MM,NANGKA,33,134.3,24,0,65,974,1,70,70,65,65,11,345
2015211N13162,2015,WP,MM,SOUDELOR,23.7,122.6,111,30,100,948,3,120,60,65,100,16,295
2015211N13162,2015,WP,MM,SOUDELOR,24,121.7,15,0,98,950,3,120,60,65,100,15,280
2015211N13162,2015,WP,MM,SOUDELOR,24,121,0,0,95,952,2,120,60,65,100,12,265
2015211N13162,2015,WP,MM,SOUDELOR,23.9,120.4,0,0,90,956,2,120,60,65,100,9,275
2015211N13162,2015,WP,MM,SOUDELOR,24.1,120,32,32,75,967,1,120,60,65,100,8,310
2015211N13162,2015,WP,MM,SOUDELOR,24.4,119.7,75,39,73,969,1,120,60,65,100,9,325
2015211N13162,2015,WP,MM,SOUDELOR,24.8,119.4,39,0,70,970,1,120,60,65,100,10,315
2015226N12151,2015,WP,MM,GONI,19.1,123.2,122,115,100,948,3,50,60,60,55,5,280
2015226N12151,2015,WP,MM,GONI,19.2,123,115,109,98,950,3,50,60,60,55,3,285
2015226N12151,2015,WP,MM,GONI,19.2,122.9,109,98,95,952,2,50,60,60,55,4,285
2015226N12151,2015,WP,MM,GONI,19.3,122.6,105,101,93,954,2,53,65,60,55,5,285
2015226N12151,2015,WP,MM,GONI,19.3,122.4,101,101,90,956,2,55,70,60,55,3,285
2015226N12151,2015,WP,MM,GONI,19.3,122.4,101,101,88,958,2,60,70,58,58,1,315
2015226N12151,2015,WP,MM,GONI,19.4,122.4,112,112,85,959,2,65,70,55,60,1,30
2015226N12151,2015,WP,MM,GONI,29.6,128.8,223,109,110,941,3,65,60,45,45,22,35
2015226N12151,2015,WP,MM,GONI,30.6,129.5,94,30,110,941,3,60,60,45,45,22,25
2015226N12151,2015,WP,MM,GONI,31.6,130,28,9,110,941,3,55,60,45,45,23,20
2015226N12151,2015,WP,MM,GONI,32,130.1,9,9,107,943,3,55,60,45,45,26,20
2015226N12151,2015,WP,MM,GONI,32.4,130.3,21,0,103,946,3,55,60,45,45,26,15
2015226N12151,2015,WP,MM,GONI,32.8,130.4,9,0,100,948,3,55,60,45,45,22,5
2015226N12151,2015,WP,MM,GONI,33.9,130.5,11,11,85,959,2,70,60,60,50,18,10
2015226N12151,2015,WP,MM,GONI,34.6,130.7,38,38,75,967,1,80,70,60,50,14,20
2015226N12151,2015,WP,MM,GONI,35.2,131,86,86,65,974,1,90,80,60,50,13,25
2015263N14148,2015,WP,MM,DUJUAN,23.6,123.5,191,115,123,931,4,85,70,75,80,12,305
2015263N14148,2015,WP,MM,DUJUAN,24,122.9,115,37,120,933,4,85,70,75,80,14,295
2015263N14148,2015,WP,MM,DUJUAN,24.2,122.1,37,0,120,933,4,85,70,75,80,16,275
2015263N14148,2015,WP,MM,DUJUAN,24.2,121.1,0,0,100,948,3,85,70,75,80,14,265
2015263N14148,2015,WP,MM,DUJUAN,24.1,120.5,0,0,95,952,2,85,70,75,80,9,270
2015263N14148,2015,WP,MM,DUJUAN,24.2,120.1,30,30,90,956,2,85,70,75,80,10,300
2015263N14148,2015,WP,MM,DUJUAN,24.6,119.6,68,10,83,962,2,73,65,68,68,12,315
2015263N14148,2015,WP,MM,DUJUAN,25,119.1,10,0,75,967,1,60,60,60,55,13,305
2015263N14148,2015,WP,MM,DUJUAN,25.3,118.4,0,0,65,975,1,60,60,60,55,13,290
2015273N12130,2015,WP,MM,MUJIGAE,19.8,112.2,127,104,80,963,1,60,60,60,60,10,300
2015273N12130,2015,WP,MM,MUJIGAE,20.1,111.9,106,83,90,956,2,73,70,70,73,9,315
2015273N12130,2015,WP,MM,MUJIGAE,20.5,111.5,91,61,100,948,3,85,80,80,85,11,315
2015273N12130,2015,WP,MM,MUJIGAE,20.9,111,53,0,115,937,4,85,80,80,85,13,310
2015273N12130,2015,WP,MM,MUJIGAE,21.2,110.4,0,0,105,944,3,65,65,80,60,11,305
2015273N12130,2015,WP,MM,MUJIGAE,21.5,110,0,0,93,954,2,65,65,80,60,10,310
2015273N12130,2015,WP,MM,MUJIGAE,21.9,109.6,0,0,80,963,1,65,65,80,60,10,315
2015273N12130,2015,WP,MM,MUJIGAE,22.2,109.2,0,0,73,969,1,65,65,80,60,11,320
2015273N12130,2015,WP,MM,MUJIGAE,22.7,108.9,0,0,65,974,1,65,65,80,60,10,325
2015285N14151,2015,WP,MM,KOPPU,15.9,123.5,142,101,123,932,4,60,70,40,60,7,280
2015285N14151,2015,WP,MM,KOPPU,15.9,123.1,101,48,130,926,4,60,70,40,60,8,280
2015285N14151,2015,WP,MM,KOPPU,16,122.6,48,10,125,930,4,60,70,40,60,10,275
2015285N14151,2015,WP,MM,KOPPU,16,122.1,10,0,120,933,4,60,70,40,60,8,270
2015285N14151,2015,WP,MM,KOPPU,16,121.7,10,0,113,939,4,60,70,40,60,7,265
2015285N14151,2015,WP,MM,KOPPU,16,121.4,0,0,105,944,3,60,70,40,60,5,280
2015285N14151,2015,WP,MM,KOPPU,16.1,121.2,0,0,98,950,3,58,68,38,58,5,295
2015285N14151,2015,WP,MM,KOPPU,16.2,121,0,0,90,956,2,55,65,35,55,5,305
2015285N14151,2015,WP,MM,KOPPU,16.3,120.8,0,0,83,962,2,55,65,35,55,5,310
2015285N14151,2015,WP,MM,KOPPU,16.5,120.6,0,0,75,967,1,55,65,35,55,5,315
2015285N14151,2015,WP,MM,KOPPU,16.7,120.4,0,0,70,971,1,48,53,35,55,6,320
2015285N14151,2015,WP,MM,KOPPU,17,120.2,30,24,65,974,1,40,40,35,55,6,330
2015293N13266,2015,EP,MM,PATRICIA,17.8,-105.5,173,113,183,875,5,50,50,45,50,10,15
2015293N13266,2015,EP,MM,PATRICIA,18.3,-105.3,113,53,180,878,5,50,50,50,60,13,15
2015293N13266,2015,EP,MM,PATRICIA,19,-105.2,46,0,150,910,5,50,50,50,60,14,15
2015293N13266,2015,EP,MM,PATRICIA,19.4,-105,0,0,130,932,4,50,50,50,60,14,20
2015293N13266,2015,EP,MM,PATRICIA,19.6,-104.9,0,0,110,946,3,30,50,40,40,19,25
2015293N13266,2015,EP,MM,PATRICIA,20.5,-104.4,0,0,80,966,1,15,35,20,20,23,25
2015301N11065,2015,NI,AS,CHAPALA,13.5,55.2,126,114,118,935,4,55,50,45,55,10,270
2015301N11065,2015,NI,AS,CHAPALA,13.6,54.7,114,100,120,933,4,55,50,45,55,10,270
2015301N11065,2015,NI,AS,CHAPALA,13.5,54.2,100,89,120,933,4,55,50,45,55,10,260
2015301N11065,2015,NI,AS,CHAPALA,13.4,53.7,89,78,120,933,4,55,50,45,55,11,255
2015301N11065,2015,NI,AS,CHAPALA,13.3,53.1,84,84,115,937,4,55,50,45,55,11,260
2015301N11065,2015,NI,AS,CHAPALA,13.2,52.6,109,109,110,941,3,55,50,45,55,9,265
2015301N11065,2015,NI,AS,CHAPALA,13.5,50,140,93,95,952,2,55,55,50,55,10,290
2015301N11065,2015,NI,AS,CHAPALA,13.7,49.6,93,62,90,956,2,55,60,55,55,8,295
2015301N11065,2015,NI,AS,CHAPALA,13.8,49.3,62,15,83,962,2,58,65,60,58,8,290
2015301N11065,2015,NI,AS,CHAPALA,14,48.9,15,0,75,967,1,60,70,65,60,9,285
2015309N14067,2015,NI,AS,MEGH,12.7,56.1,174,109,105,944,3,25,25,25,25,12,265
2015309N14067,2015,NI,AS,MEGH,12.7,55.5,109,44,108,943,3,25,25,25,25,12,270
2015309N14067,2015,NI,AS,MEGH,12.7,54.9,44,10,110,941,3,25,25,25,25,13,270
2015309N14067,2015,NI,AS,MEGH,12.7,54.2,11,11,103,947,3,28,28,28,28,14,270
2015309N14067,2015,NI,AS,MEGH,12.7,53.5,11,0,95,952,2,30,30,30,30,13,270
2015309N14067,2015,NI,AS,MEGH,12.6,52.8,55,55,88,958,2,30,30,30,30,12,260
2015309N14067,2015,NI,AS,MEGH,12.5,52.3,108,74,80,963,1,30,30,30,30,13,260
2015309N14067,2015,NI,AS,MEGH,12.4,51.6,74,44,75,967,1,30,30,30,30,13,260
2015309N14067,2015,NI,AS,MEGH,12.3,50.9,44,33,70,970,1,30,30,30,30,13,265
2015309N14067,2015,NI,AS,MEGH,12.2,50.2,54,54,65,974,1,30,30,30,30,13,270
2015344N07145,2015,WP,MM,MELOR,12.4,126.9,153,103,115,937,4,80,60,60,80,11,275
2015344N07145,2015,WP,MM,MELOR,12.5,126.4,103,54,118,935,4,80,60,60,80,11,275
2015344N07145,2015,WP,MM,MELOR,12.5,125.8,46,10,120,933,4,80,60,60,80,11,275
2015344N07145,2015,WP,MM,MELOR,12.6,125.2,11,11,125,929,4,80,60,60,80,12,275
2015344N07145,2015,WP,MM,MELOR,12.6,124.6,11,0,120,933,4,80,60,60,80,12,280
2015344N07145,2015,WP,MM,MELOR,12.7,124,0,0,113,939,4,80,60,60,80,11,280
2015344N07145,2015,WP,MM,MELOR,12.8,123.5,15,15,105,944,3,80,60,60,80,10,280
2015344N07145,2015,WP,MM,MELOR,12.9,123,34,33,108,943,3,73,63,63,73,9,275
2015344N07145,2015,WP,MM,MELOR,12.9,122.6,33,33,110,941,3,65,65,65,65,9,275
2015344N07145,2015,WP,MM,MELOR,12.9,122.2,54,32,115,937,4,65,65,65,65,8,275
2015344N07145,2015,WP,MM,MELOR,13,121.8,32,10,120,933,4,65,65,65,65,7,285
2015344N07145,2015,WP,MM,MELOR,13.1,121.5,10,0,110,941,3,65,65,65,65,6,295
2015344N07145,2015,WP,MM,MELOR,13.3,121.2,0,0,100,948,3,65,65,65,65,6,295
2015344N07145,2015,WP,MM,MELOR,13.4,120.9,0,0,93,954,2,65,65,65,65,6,295
2015344N07145,2015,WP,MM,MELOR,13.5,120.6,11,11,85,959,2,65,65,65,65,6,305
2015344N07145,2015,WP,MM,MELOR,13.7,120.4,24,21,75,967,1,65,58,58,65,5,315
2015344N07145,2015,WP,MM,MELOR,13.9,120.3,32,32,65,974,1,65,50,50,65,5,310
2016027S13119,2016,SI,WA,STAN,-18.9,119.2,134,98,65,974,1,40,40,40,40,6,150
2016027S13119,2016,SI,WA,STAN,-19.2,119.4,98,59,65,974,1,40,40,40,40,7,150
2016041S14170,2016,SP,MM,WINSTON,-17.1,181.2,142,77,140,918,5,60,60,75,75,12,275
2016041S14170,2016,SP,MM,WINSTON,-17,180.6,77,35,145,915,5,55,65,68,68,12,270
2016041S14170,2016,SP,MM,WINSTON,-17.1,180,35,33,150,911,5,50,70,60,60,12,260
2016041S14170,2016,SP,MM,WINSTON,-17.3,179.3,49,24,153,909,5,48,58,55,58,13,255
2016041S14170,2016,SP,MM,WINSTON,-17.4,178.7,24,0,155,907,5,45,45,50,55,15,265
2016041S14170,2016,SP,MM,WINSTON,-17.5,177.8,0,0,148,913,5,45,45,50,55,16,265
2016041S14170,2016,SP,MM,WINSTON,-17.5,177,43,43,140,918,5,45,45,50,55,15,270
2016041S14170,2016,SP,MM,WINSTON,-17.5,176.3,110,110,133,924,4,45,45,50,55,12,270
2016108S17181,2016,SP,MM,AMOS,-12.6,-173.9,156,89,83,961,2,35,33,25,30,14,110
2016108S17181,2016,SP,MM,AMOS,-12.9,-173.2,89,44,80,963,1,35,40,30,30,16,110
2016108S17181,2016,SP,MM,AMOS,-13.2,-172.4,33,33,68,973,1,35,38,30,30,16,110
2016185N08145,2016,WP,MM,NEPARTAK,22.2,122.2,128,75,128,928,4,72,65,78,72,10,295
2016185N08145,2016,WP,MM,NEPARTAK,22.4,121.7,75,23,120,933,4,71,65,77,71,10,290
2016185N08145,2016,WP,MM,NEPARTAK,22.5,121.2,23,10,113,939,4,70,64,77,70,11,285
2016185N08145,2016,WP,MM,NEPARTAK,22.5,121,10,0,110,941,3,70,64,77,70,10,285
2016185N08145,2016,WP,MM,NEPARTAK,22.6,120.6,0,0,95,952,2,63,63,63,76,9,300
2016185N08145,2016,WP,MM,NEPARTAK,22.9,120.3,0,0,80,963,1,69,69,66,75,8,320
2016185N08145,2016,WP,MM,NEPARTAK,23.2,120,10,10,65,974,1,74,74,68,74,6,315
2016207N17116,2016,WP,MM,MIRINAE,20.2,106.2,0,0,65,974,1,43,43,30,30,6,300
2016211N11128,2016,WP,MM,NIDA,21.7,116.1,115,78,80,963,1,88,75,88,88,13,300
2016211N11128,2016,WP,MM,NIDA,22.1,115.5,67,24,75,967,1,85,78,85,85,13,300
2016211N11128,2016,WP,MM,NIDA,22.4,114.9,11,0,70,970,1,81,81,81,81,13,295
2016211N11128,2016,WP,MM,NIDA,22.6,114.2,0,0,65,974,1,81,81,81,75,14,290
2016215N16283,2016,NA,CS,EARL,16.9,-85.4,111,111,65,988,1,50,50,0,30,14,295
2016215N16283,2016,NA,CS,EARL,17.3,-86.9,138,75,70,984,1,50,30,0,30,14,280
2016215N16283,2016,NA,CS,EARL,17.4,-87.6,64,43,74,980,1,50,30,0,30,13,275
2016215N16283,2016,NA,CS,EARL,17.4,-87.8,43,0,75,979,1,50,30,0,30,14,270
2016215N16283,2016,NA,CS,EARL,17.4,-88.3,0,0,75,979,1,50,30,0,30,13,270
2016215N16283,2016,NA,NA,EARL,17.4,-88.9,0,0,68,984,1,38,15,0,15,11,270
2016230N15138,2016,WP,MM,MINDULLE,34.3,139.5,63,18,65,974,1,43,43,30,30,13,15
2016242N24279,2016,NA,GM,HERMINE,28.4,-85.2,145,78,68,986,1,80,110,35,35,13,30
2016242N24279,2016,NA,GM,HERMINE,29,-84.8,78,48,70,983,1,70,110,40,30,12,30
2016242N24279,2016,NA,GM,HERMINE,29.4,-84.5,48,0,70,982,1,70,110,40,30,14,30
2016242N24279,2016,NA,GM,HERMINE,30.1,-84.1,0,0,70,981,1,70,110,40,30,19,25
2016242N24279,2016,NA,NA,HERMINE,30.3,-84,0,0,65,982,1,40,110,30,20,14,30
2016244N21123,2016,WP,MM,NAMTHEUN,30,130.1,125,102,80,963,1,44,44,31,44,6,345
2016244N21123,2016,WP,MM,NAMTHEUN,30.3,130,102,80,75,967,1,44,44,31,44,6,345
2016244N21123,2016,WP,MM,NAMTHEUN,30.5,129.9,83,52,70,970,1,43,43,31,43,5,345
2016244N21123,2016,WP,MM,NAMTHEUN,30.8,129.9,52,44,65,974,1,43,43,31,43,5,340
2016248N15255,2016,EP,MM,NEWTON,21.5,-109.1,172,94,78,980,1,80,60,45,40,15,325
2016248N15255,2016,EP,MM,NEWTON,22.1,-109.5,94,22,80,977,1,70,60,50,40,15,325
2016248N15255,2016,EP,MM,NEWTON,22.7,-110,22,10,78,978,1,60,60,50,40,16,325
2016248N15255,2016,EP,MM,NEWTON,23.4,-110.5,30,0,75,978,1,50,60,50,40,17,330
2016248N15255,2016,EP,MM,NEWTON,23.9,-110.8,0,0,75,979,1,50,60,50,40,17,330
2016248N15255,2016,EP,MM,NEWTON,24.2,-111,0,0,74,980,1,50,60,50,40,17,330
2016248N15255,2016,EP,MM,NEWTON,24.9,-111.4,0,0,70,982,1,50,60,50,40,17,335
2016248N15255,2016,EP,MM,NEWTON,25.6,-111.7,0,0,68,985,1,50,60,25,40,16,345
2016248N15255,2016,EP,MM,NEWTON,26.4,-111.9,0,0,65,987,1,50,60,0,40,16,350
2016253N13144,2016,WP,MM,MERANTI,20.8,121.8,154,98,165,899,5,111,99,99,117,11,300
2016253N13144,2016,WP,MM,MERANTI,21.1,121.3,98,44,160,900,5,108,105,99,117,12,305
2016253N13144,2016,WP,MM,MERANTI,21.5,120.8,44,23,155,900,5,104,111,98,117,13,315
2016253N13144,2016,WP,MM,MERANTI,22,120.3,41,38,140,915,5,104,110,97,116,14,315
2016253N13144,2016,WP,MM,MERANTI,22.5,119.8,51,51,125,929,4,103,109,96,115,13,320
2016253N13144,2016,WP,MM,MERANTI,23,119.4,72,72,118,935,4,100,96,90,106,12,320
2016253N13144,2016,WP,MM,MERANTI,23.4,119,114,67,110,941,3,96,83,83,96,11,325
2016253N13144,2016,WP,MM,MERANTI,23.9,118.7,67,30,98,950,3,95,83,76,89,11,330
2016253N13144,2016,WP,MM,MERANTI,24.3,118.4,30,0,85,959,2,94,82,69,82,11,325
2016253N13144,2016,WP,MM,MERANTI,24.8,118,0,0,78,965,1,88,69,59,72,11,320
2016253N13144,2016,WP,MM,MERANTI,25.2,117.6,0,0,70,970,1,81,56,49,62,12,320
2016256N12146,2016,WP,MM,MALAKAS,24.1,123,120,96,110,941,3,64,64,58,58,12,355
2016256N12146,2016,WP,MM,MALAKAS,24.7,122.9,96,80,105,945,3,64,67,58,58,11,350
2016256N12146,2016,WP,MM,MALAKAS,25.2,122.8,83,77,100,948,3,64,70,57,57,9,350
2016256N12146,2016,WP,MM,MALAKAS,25.6,122.7,97,97,90,956,2,67,63,57,63,6,355
2016256N12146,2016,WP,MM,MALAKAS,25.8,122.7,113,113,80,963,1,69,56,56,69,5,355
2016256N12146,2016,WP,MM,MALAKAS,30.5,129,138,65,105,946,3,89,52,74,102,14,65
2016256N12146,2016,WP,MM,MALAKAS,30.8,129.7,65,14,100,950,3,95,51,64,139,15,65
2016256N12146,2016,WP,MM,MALAKAS,31.2,130.5,9,0,90,957,2,88,51,95,98,17,60
2016256N12146,2016,WP,MM,MALAKAS,31.6,131.5,9,9,80,963,1,81,50,126,56,19,60
2016256N12146,2016,WP,MM,MALAKAS,32.2,132.4,69,14,73,971,1,78,56,113,50,21,55
2016256N12146,2016,WP,MM,MALAKAS,32.8,133.5,46,0,65,979,1,74,62,100,43,23,55
2016265N10150,2016,WP,MM,MEGI,23.2,123.3,191,102,115,937,4,140,140,140,140,15,310
2016265N10150,2016,WP,MM,MEGI,23.7,122.5,101,10,108,943,3,140,140,140,140,18,300
2016265N10150,2016,WP,MM,MEGI,24.1,121.6,0,0,100,948,3,139,139,139,139,14,285
2016265N10150,2016,WP,MM,MEGI,24,121,0,0,90,956,2,136,129,129,129,11,265
2016265N10150,2016,WP,MM,MEGI,24,120.5,0,0,80,963,1,132,119,119,119,10,285
2016265N10150,2016,WP,MM,MEGI,24.3,119.9,52,52,70,971,1,122,116,116,113,12,305
2016269N15165,2016,WP,MM,CHABA,31.8,126.2,156,55,90,959,2,82,63,63,69,18,20
2016269N15165,2016,WP,MM,CHABA,32.7,126.6,55,14,85,966,2,88,63,63,75,19,30
2016269N15165,2016,WP,MM,CHABA,33.5,127.2,27,27,78,968,1,88,69,69,75,21,35
2016269N15165,2016,WP,MM,CHABA,34.4,128.1,35,0,70,970,1,87,75,75,75,25,45
2016273N13300,2016,NA,CS,MATTHEW,13.5,-71.2,127,111,120,955,4,80,30,30,80,7,255
2016273N13300,2016,NA,CS,MATTHEW,13.4,-71.6,111,111,133,949,4,80,30,30,75,7,260
2016273N13300,2016,NA,CS,MATTHEW,13.4,-71.9,114,114,145,942,5,80,30,30,70,6,265
2016273N13300,2016,NA,CS,MATTHEW,17,-74.5,128,77,130,934,4,70,60,50,55,9,10
2016273N13300,2016,NA,CS,MATTHEW,17.5,-74.4,77,30,130,934,4,70,60,50,60,10,10
2016273N13300,2016,NA,CS,MATTHEW,18,-74.3,30,0,130,935,4,70,60,50,60,10,5
2016273N13300,2016,NA,CS,MATTHEW,18.3,-74.3,0,0,130,935,4,70,60,50,60,8,0
2016273N13300,2016,NA,NA,MATTHEW,18.4,-74.3,0,0,125,937,4,70,60,50,60,8,0
2016273N13300,2016,NA,CS,MATTHEW,18.8,-74.3,22,22,123,942,4,70,60,50,60,9,0
2016273N13300,2016,NA,CS,MATTHEW,19.3,-74.3,78,44,120,947,4,70,60,50,60,9,0
2016273N13300,2016,NA,CS,MATTHEW,19.7,-74.3,44,0,118,948,4,70,60,50,60,8,0
2016273N13300,2016,NA,CS,MATTHEW,20.1,-74.3,0,0,115,949,4,70,60,50,60,7,360
2016273N13300,2016,NA,NA,MATTHEW,20.4,-74.3,15,15,113,955,4,70,60,50,60,6,350
2016273N13300,2016,NA,NA,MATTHEW,20.7,-74.4,30,30,110,960,3,70,60,50,60,7,340
2016273N13300,2016,NA,NA,MATTHEW,21,-74.6,45,45,108,961,3,70,60,50,60,8,330
2016273N13300,2016,NA,NA,MATTHEW,21.4,-74.8,89,89,105,962,3,70,60,50,60,9,325
2016273N13300,2016,NA,NA,MATTHEW,21.8,-75.1,103,103,105,963,3,70,60,45,60,10,325
2016273N13300,2016,NA,NA,MATTHEW,23.8,-76.7,128,69,110,952,3,70,60,40,60,11,320
2016273N13300,2016,NA,NA,MATTHEW,24.2,-77.1,69,23,115,945,4,70,60,40,60,12,320
2016273N13300,2016,NA,NA,MATTHEW,24.7,-77.5,30,10,120,937,4,70,60,40,60,12,320
2016273N13300,2016,NA,NA,MATTHEW,25.2,-77.9,15,11,120,937,4,70,60,40,60,12,325
2016273N13300,2016,NA,NA,MATTHEW,25.7,-78.3,69,69,120,937,4,70,60,40,60,12,325
2016273N13300,2016,NA,NA,MATTHEW,26.2,-78.7,136,99,118,937,4,70,65,45,60,12,330
2016273N13300,2016,NA,NA,MATTHEW,26.7,-79,99,72,115,937,4,70,70,50,60,12,330
2016273N13300,2016,NA,NA,MATTHEW,27.2,-79.4,72,63,113,938,4,70,70,50,60,12,330
2016273N13300,2016,NA,NA,MATTHEW,27.7,-79.7,67,53,110,939,3,70,70,50,60,13,330
2016273N13300,2016,NA,NA,MATTHEW,28.3,-80,53,31,108,942,3,75,70,55,60,13,335
2016273N13300,2016,NA,NA,MATTHEW,28.9,-80.3,44,36,105,944,3,80,70,60,60,11,335
2016273N13300,2016,NA,NA,MATTHEW,29.3,-80.6,36,36,103,945,3,80,70,60,60,9,335
2016273N13300,2016,NA,NA,MATTHEW,29.7,-80.7,49,49,100,946,3,80,70,60,60,9,355
2016273N13300,2016,NA,NA,MATTHEW,30.2,-80.7,68,68,98,948,3,80,70,55,55,10,5
2016273N13300,2016,NA,NA,MATTHEW,30.7,-80.6,76,70,95,949,2,80,70,50,50,10,5
2016273N13300,2016,NA,NA,MATTHEW,31.1,-80.6,70,43,90,951,2,80,70,50,45,9,0
2016273N13300,2016,NA,NA,MATTHEW,31.6,-80.6,43,21,85,953,2,80,70,50,40,10,5
2016273N13300,2016,NA,NA,MATTHEW,32.1,-80.5,21,11,85,957,2,80,70,50,40,11,35
2016273N13300,2016,NA,NA,MATTHEW,32.5,-79.9,14,0,80,963,1,70,70,60,30,12,45
2016273N13300,2016,NA,NA,MATTHEW,33,-79.5,0,0,75,967,1,70,70,60,30,13,35
2016273N13300,2016,NA,NA,MATTHEW,33.5,-79,9,9,70,973,1,60,80,30,20,13,55
2016273N13300,2016,NA,NA,MATTHEW,33.7,-78.2,22,11,70,977,1,65,80,60,40,15,75
2016273N13300,2016,NA,NA,MATTHEW,33.9,-77.3,56,44,70,981,1,70,80,90,60,14,65
2016273N13300,2016,NA,NA,MATTHEW,34.3,-76.6,44,21,70,982,1,65,80,100,60,13,55
2016273N13300,2016,NA,NA,MATTHEW,34.7,-76,35,35,70,983,1,60,80,110,60,13,60
2016273N13300,2016,NA,NA,MATTHEW,34.9,-75.3,86,86,68,984,1,55,70,100,75,13,75
2016287N12131,2016,WP,MM,SARIKA,13.9,125.6,129,87,65,974,1,50,46,49,50,7,285
2016287N12131,2016,WP,MM,SARIKA,14,125.2,87,58,70,970,1,56,49,49,56,7,285
2016287N12131,2016,WP,MM,SARIKA,14.2,124.9,63,39,75,972,1,63,53,53,63,7,290
2016287N12131,2016,WP,MM,SARIKA,14.3,124.5,39,35,80,974,1,69,56,56,69,7,300
2016287N12131,2016,WP,MM,SARIKA,14.5,124.2,55,55,85,964,2,69,57,57,69,8,305
2016287N12131,2016,WP,MM,SARIKA,14.7,123.9,81,81,90,954,2,69,57,57,69,8,300
2016287N12131,2016,WP,MM,SARIKA,14.9,123.4,95,95,98,949,3,73,58,58,73,10,295
2016287N12131,2016,WP,MM,SARIKA,15.1,123,101,85,105,944,3,76,58,58,76,11,300
2016287N12131,2016,WP,MM,SARIKA,15.4,122.4,79,21,110,945,3,80,58,58,80,13,300
2016287N12131,2016,WP,MM,SARIKA,15.7,121.8,21,0,115,945,4,83,58,58,83,16,290
2016287N12131,2016,WP,MM,SARIKA,16,120.8,0,0,95,956,2,86,57,60,89,19,285
2016287N12131,2016,WP,MM,SARIKA,16.2,119.9,0,0,75,967,1,88,56,62,94,18,280
2016287N12131,2016,WP,MM,SARIKA,16.4,119,86,86,78,965,1,91,63,66,94,15,280
2016287N12131,2016,WP,MM,SARIKA,18.1,111.6,139,86,75,967,1,125,75,88,113,9,300
2016287N12131,2016,WP,MM,SARIKA,18.4,111.1,77,38,75,967,1,119,82,75,107,9,305
2016287N12131,2016,WP,MM,SARIKA,18.6,110.7,30,0,75,967,1,113,88,62,100,9,300
2016287N12131,2016,WP,MM,SARIKA,18.8,110.3,0,0,70,971,1,103,72,65,97,9,300
2016287N12131,2016,WP,MM,SARIKA,19,109.9,0,0,65,974,1,93,55,68,93,8,305
2016288N06146,2016,WP,MM,HAIMA,17,124,159,81,128,932,4,125,109,106,116,16,290
2016288N06146,2016,WP,MM,HAIMA,17.3,123.2,81,22,120,938,4,128,115,109,115,16,290
2016288N06146,2016,WP,MM,HAIMA,17.5,122.4,22,0,113,941,4,131,118,109,115,16,290
2016288N06146,2016,WP,MM,HAIMA,17.8,121.6,0,0,105,944,3,133,121,108,114,15,290
2016288N06146,2016,WP,MM,HAIMA,18.1,120.9,0,0,100,952,3,136,130,111,124,14,295
2016288N06146,2016,WP,MM,HAIMA,18.4,120.2,42,42,95,959,2,139,139,114,133,14,295
2016288N06146,2016,WP,MM,HAIMA,21.3,116.1,159,90,75,967,1,100,72,72,88,16,330
2016288N06146,2016,WP,MM,HAIMA,21.9,115.7,90,22,70,970,1,81,62,62,81,15,330
2016288N06146,2016,WP,MM,HAIMA,22.5,115.3,22,0,65,974,1,81,62,62,81,13,335
2016323N13279,2016,NA,CS,OTTO,11.1,-82.4,134,100,90,978,2,30,30,30,30,6,260
2016323N13279,2016,NA,CS,OTTO,11,-82.7,100,69,95,977,2,30,30,30,30,6,260
2016323N13279,2016,NA,CS,OTTO,11,-83,69,31,100,975,3,30,30,30,30,7,265
2016323N13279,2016,NA,CS,OTTO,11,-83.4,31,0,100,975,3,30,30,30,30,9,270
2016323N13279,2016,NA,CS,OTTO,11,-83.8,0,0,100,975,3,30,30,30,30,10,270
2016323N13279,2016,NA,NA,OTTO,11,-83.9,0,0,95,978,2,30,30,20,30,10,270
2016323N13279,2016,NA,NA,OTTO,11,-84.4,0,0,80,985,1,25,20,15,25,10,265
2016323N13279,2016,NA,NA,OTTO,10.9,-84.9,0,0,65,992,1,20,10,10,20,11,255
2016341N08092,2016,NI,BB,VARDAH,13.2,81.7,152,108,80,963,1,50,45,35,45,7,275
2016341N08092,2016,NI,BB,VARDAH,13.2,81.3,108,55,80,963,1,40,43,35,43,9,270
2016341N08092,2016,NI,BB,VARDAH,13.2,80.8,55,15,80,963,1,30,40,35,40,9,265
2016341N08092,2016,NI,BB,VARDAH,13.2,80.3,10,0,73,969,1,30,40,35,40,9,265
2016341N08092,2016,NI,BB,VARDAH,13.1,79.9,0,0,65,974,1,30,40,35,40,9,265
2016355N07146,2016,WP,MM,NOCK-TEN,13.5,126,141,116,140,918,5,66,47,47,72,8,265
2016355N07146,2016,WP,MM,NOCK-TEN,13.5,125.5,116,78,140,918,5,72,47,47,66,9,270
2016355N07146,2016,WP,MM,NOCK-TEN,13.5,125.1,78,31,135,922,4,65,47,47,65,9,270
2016355N07146,2016,WP,MM,NOCK-TEN,13.5,124.6,31,0,128,928,4,65,43,47,62,10,270
2016355N07146,2016,WP,MM,NOCK-TEN,13.5,124,15,0,120,933,4,65,39,46,58,12,270
2016355N07146,2016,WP,MM,NOCK-TEN,13.5,123.4,0,0,110,924,3,61,39,42,61,12,265
2016355N07146,2016,WP,MM,NOCK-TEN,13.5,122.7,10,0,100,915,3,57,38,38,64,12,270
2016355N07146,2016,WP,MM,NOCK-TEN,13.4,122.1,31,22,93,937,2,54,38,38,61,12,270
2016355N07146,2016,WP,MM,NOCK-TEN,13.5,121.4,15,0,85,959,2,50,38,38,57,14,280
2016355N07146,2016,WP,MM,NOCK-TEN,13.7,120.7,11,0,80,963,1,47,35,38,54,16,290
2016355N07146,2016,WP,MM,NOCK-TEN,14,119.9,75,75,75,967,1,43,31,37,50,14,290
2016355N07146,2016,WP,MM,NOCK-TEN,14.2,119.3,109,109,73,976,1,40,31,37,50,13,290
2017043S19040,2017,SI,MM,DINEO,-23.3,36.9,140,97,78,965,1,48,53,48,25,9,235
2017043S19040,2017,SI,MM,DINEO,-23.5,36.4,97,50,85,959,2,70,75,60,25,10,255
2017043S19040,2017,SI,MM,DINEO,-23.5,35.8,40,0,80,968,1,70,75,60,25,11,275
2017043S19040,2017,SI,MM,DINEO,-23.4,35.3,0,0,75,977,1,70,75,60,25,10,280
2017043S19040,2017,SI,MM,DINEO,-23.3,34.8,0,0,68,983,1,70,75,60,25,9,280
2017061S11063,2017,SI,MM,ENAWO,-14.7,51.5,126,85,130,926,4,85,110,105,75,9,260
2017061S11063,2017,SI,MM,ENAWO,-14.7,51,77,48,130,926,4,85,110,105,75,8,270
2017061S11063,2017,SI,MM,ENAWO,-14.7,50.7,53,21,130,926,4,85,110,105,75,7,285
2017061S11063,2017,SI,MM,ENAWO,-14.5,50.4,24,10,123,934,4,85,105,95,70,5,290
2017061S11063,2017,SI,MM,ENAWO,-14.5,50.2,10,0,115,942,4,85,100,85,65,4,245
2017061S11063,2017,SI,MM,ENAWO,-14.7,50,0,0,103,952,3,85,100,85,65,7,205
2017061S11063,2017,SI,MM,ENAWO,-15.1,49.9,0,0,90,962,2,85,100,85,65,8,200
2017061S11063,2017,SI,MM,ENAWO,-15.5,49.7,10,0,78,968,1,85,100,85,65,9,210
2017061S11063,2017,SI,MM,ENAWO,-15.9,49.4,0,0,65,974,1,85,100,85,65,11,230
2017082S14152,2017,SP,EA,DEBBIE,-19.6,149.8,130,107,115,937,4,60,75,80,60,5,255
2017082S14152,2017,SP,EA,DEBBIE,-19.6,149.5,107,85,115,937,4,58,70,73,53,5,245
2017082S14152,2017,SP,EA,DEBBIE,-19.8,149.3,85,64,115,937,4,55,65,65,45,4,245
2017082S14152,2017,SP,EA,DEBBIE,-19.8,149.1,64,35,110,949,3,55,65,65,45,4,235
2017082S14152,2017,SP,EA,DEBBIE,-20,148.9,35,10,105,960,3,55,65,65,45,5,225
2017082S14152,2017,SP,EA,DEBBIE,-20.2,148.7,10,10,94,961,2, , , , ,6,220
2017082S14152,2017,SP,EA,DEBBIE,-20.2,148.7,10,0,93,962,2, , , , ,5,235
2017082S14152,2017,SP,EA,DEBBIE,-20.4,148.5,0,0,80,963,1, , , , ,6,240
2017082S14152,2017,SP,EA,DEBBIE,-20.5,148.1,0,0,70,971,1, , , , ,7,240
2017097S12171,2017,SP,MM,COOK,-19.8,166,139,76,85,965,2,58,63,53,53,13,200
2017097S12171,2017,SP,MM,COOK,-20.5,165.8,76,24,90,956,2,60,50,40,50,12,195
2017097S12171,2017,SP,MM,COOK,-21,165.7,24,0,88,958,2,63,65,43,48,11,185
2017097S12171,2017,SP,MM,COOK,-21.6,165.7,0,0,85,959,2,65,80,45,45,12,180
2017097S12171,2017,SP,MM,COOK,-22.2,165.7,35,35,80,963,1,68,75,53,38,13,180
2017097S12171,2017,SP,MM,COOK,-22.8,165.7,88,88,75,967,1,70,70,60,30,11,185
2017147N14087,2017,NI,BB,MORA,19.8,91.7,113,91,70,970,1,15,30,30,40,13,5
2017147N14087,2017,NI,BB,MORA,20.3,91.7,85,30,75,967,1,13,30,30,35,12,10
2017147N14087,2017,NI,BB,MORA,21,91.9,30,0,80,963,1,10,30,30,30,17,10
2017147N14087,2017,NI,BB,MORA,21.9,92,0,0,68,972,1,10,30,30,30,20,0
2017200N26162,2017,WP,MM,NORU,30,130.2,121,93,75,967,1,65,53,50,60,4,50
2017200N26162,2017,WP,MM,NORU,30.2,130.4,93,80,75,967,1,62,61,60,57,6,40
2017200N26162,2017,WP,MM,NORU,30.3,130.5,80,66,75,967,1,60,65,65,55,5,45
2017200N26162,2017,WP,MM,NORU,30.4,130.7,66,34,75,967,1,60,65,65,55,6,35
2017200N26162,2017,WP,MM,NORU,30.7,130.9,38,29,75,967,1,60,65,65,55,6,40
2017200N26162,2017,WP,MM,NORU,30.9,131.2,43,33,75,967,1,60,65,65,55,6,55
2017200N26162,2017,WP,MM,NORU,31.1,131.5,34,24,75,967,1,60,65,65,55,8,50
2017200N26162,2017,WP,MM,NORU,31.4,131.9,47,47,73,969,1,60,65,65,55,10,45
2017200N26162,2017,WP,MM,NORU,31.8,132.3,75,75,70,970,1,60,65,65,55,10,40
2017200N26162,2017,WP,MM,NORU,32.1,132.6,76,24,68,969,1,60,65,65,55,9,35
2017200N26162,2017,WP,MM,NORU,32.5,132.9,24,9,65,968,1,60,65,65,55,10,45
2017200N26162,2017,WP,MM,NORU,32.8,133.4,37,29,65,968,1,60,65,65,55,11,50
2017200N26162,2017,WP,MM,NORU,33.2,133.9,21,0,65,968,1,60,65,65,55,12,50
2017200N26162,2017,WP,MM,NORU,33.6,134.5,11,0,65,968,1,60,65,65,55,13,50
2017200N26162,2017,WP,MM,NORU,34,135.1,9,0,65,968,1,60,65,65,55,14,45
2017206N13129,2017,WP,MM,NESAT,23.4,122.7,126,82,85,959,2,65,60,50,60,13,330
2017206N13129,2017,WP,MM,NESAT,24,122.4,75,0,90,956,2,58,55,45,50,15,325
2017206N13129,2017,WP,MM,NESAT,24.6,121.8,0,0,80,963,1,50,50,40,40,16,305
2017206N13129,2017,WP,MM,NESAT,24.9,120.9,10,10,70,971,1,65,50,45,60,15,290
2017219N16279,2017,NA,GM,FRANKLIN,20.3,-94.9,162,104,70,983,1,50,50,15,20,10,275
2017219N16279,2017,NA,GM,FRANKLIN,20.3,-95.5,104,38,75,981,1,50,50,30,40,12,260
2017219N16279,2017,NA,GM,FRANKLIN,20.1,-96.2,30,0,72,986,1,50,50,24,40,13,255
2017219N16279,2017,NA,GM,FRANKLIN,20,-96.6,0,0,70,990,1,50,50,20,40,12,260
2017228N14314,2017,NA,GM,HARVEY,26.7,-96.1,126,108,100,946,3,50,40,40,35,9,330
2017228N14314,2017,NA,GM,HARVEY,27.1,-96.3,108,67,105,943,3,50,40,40,40,9,330
2017228N14314,2017,NA,GM,HARVEY,27.5,-96.6,67,34,110,942,3,55,40,40,40,8,330
2017228N14314,2017,NA,GM,HARVEY,27.8,-96.8,34,11,115,941,4,60,40,40,40,6,330
2017228N14314,2017,NA,GM,HARVEY,28,-96.9,11,0,115,937,4,60,40,40,40,5,325
2017228N14314,2017,NA,GM,HARVEY,28.2,-97.1,0,0,105,948,3,50,50,30,40,5,330
2017228N14314,2017,NA,NA,HARVEY,28.5,-97.2,0,0,85,963,2,50,50,30,40,5,340
2017228N14314,2017,NA,NA,HARVEY,28.7,-97.3,0,0,65,978,1,50,50,30,40,5,335
2017232N19130,2017,WP,MM,HATO,21.2,115.2,148,91,85,960,2,93,65,58,73,15,290
2017232N19130,2017,WP,MM,HATO,21.5,114.5,91,39,90,956,2,80,60,45,75,16,295
2017232N19130,2017,WP,MM,HATO,21.9,113.7,39,0,100,948,3,80,60,45,75,16,295
2017232N19130,2017,WP,MM,HATO,22.2,112.9,0,0,85,964,2,50,50,45,45,17,290
2017232N19130,2017,WP,MM,HATO,22.5,111.9,0,0,73,971,1,50,50,45,45,19,285
2017242N16333,2017,NA,CS,IRMA,18.5,-64.4,127,97,155,915,5,90,60,50,70,13,295
2017242N16333,2017,NA,CS,IRMA,18.6,-64.7,97,54,150,916,5,100,70,50,70,14,290
2017242N16333,2017,NA,CS,IRMA,18.9,-65.4,59,56,150,916,5,100,70,50,70,15,295
2017242N16333,2017,NA,NA,IRMA,19.2,-66.2,89,89,150,916,5,100,70,50,70,15,290
2017242N16333,2017,NA,NA,IRMA,19.9,-68.3,122,103,145,921,5,100,70,50,70,14,290
2017242N16333,2017,NA,NA,IRMA,20.2,-69,105,94,145,921,5,100,70,50,70,14,290
2017242N16333,2017,NA,NA,IRMA,20.5,-69.7,105,98,145,922,5,100,70,50,70,14,290
2017242N16333,2017,NA,NA,IRMA,20.7,-70.4,102,100,145,922,5,100,70,50,70,14,290
2017242N16333,2017,NA,NA,IRMA,21.1,-71.8,124,56,140,919,5,100,70,50,80,14,290
2017242N16333,2017,NA,NA,IRMA,21.4,-72.5,56,33,137,922,5,100,76,50,80,14,290
2017242N16333,2017,NA,NA,IRMA,21.5,-73,33,33,135,924,4,100,80,50,80,12,280
2017242N16333,2017,NA,NA,IRMA,21.5,-73.2,33,33,135,925,4,100,80,50,80,13,280
2017242N16333,2017,NA,NA,IRMA,21.6,-73.9,59,59,135,926,4,100,85,50,80,14,280
2017242N16333,2017,NA,NA,IRMA,21.8,-74.7,129,105,135,927,4,100,90,50,80,14,285
2017242N16333,2017,NA,NA,IRMA,21.9,-75.4,102,91,138,926,5,100,90,50,80,12,280
2017242N16333,2017,NA,NA,IRMA,22,-76,91,61,140,925,5,100,90,50,80,11,275
2017242N16333,2017,NA,NA,IRMA,22,-76.6,61,39,143,925,5,100,90,50,80,11,275
2017242N16333,2017,NA,NA,IRMA,22.1,-77.2,44,35,145,924,5,100,90,50,80,12,285
2017242N16333,2017,NA,NA,IRMA,22.3,-77.9,35,15,145,924,5,100,90,50,80,11,285
2017242N16333,2017,NA,NA,IRMA,22.4,-78.3,15,11,130,930,4,100,90,60,80,9,285
2017242N16333,2017,NA,NA,IRMA,22.5,-78.8,22,22,120,936,4,100,90,60,85,10,290
2017242N16333,2017,NA,NA,IRMA,22.7,-79.3,23,11,110,941,3,100,90,60,90,10,290
2017242N16333,2017,NA,NA,IRMA,22.9,-79.8,15,10,103,940,3,100,90,65,90,9,295
2017242N16333,2017,NA,NA,IRMA,23.1,-80.2,22,22,95,938,2,100,90,70,90,8,295
2017242N16333,2017,NA,NA,IRMA,23.3,-80.6,33,33,98,935,3,100,95,70,90,7,295
2017242N16333,2017,NA,NA,IRMA,23.4,-80.9,44,44,100,932,3,100,100,70,90,6,295
2017242N16333,2017,NA,NA,IRMA,23.5,-81.1,49,45,108,931,3,105,105,70,95,5,310
2017242N16333,2017,NA,NA,IRMA,23.7,-81.3,67,67,115,930,4,110,110,70,100,6,330
2017242N16333,2017,NA,NA,IRMA,24,-81.4,101,78,115,931,4,115,115,70,100,8,345
2017242N16333,2017,NA,NA,IRMA,24.5,-81.5,78,60,115,931,4,120,120,70,100,10,355
2017242N16333,2017,NA,NA,IRMA,24.7,-81.5,60,37,115,931,4,120,120,80,110,11,355
2017242N16333,2017,NA,GM,IRMA,25.1,-81.6,41,33,109,933,3,124,124,80,110,11,350
2017242N16333,2017,NA,GM,IRMA,25.6,-81.7,33,0,100,936,3,130,130,80,110,11,350
2017242N16333,2017,NA,GM,IRMA,25.9,-81.7,0,0,100,936,3,130,130,80,110,12,0
2017242N16333,2017,NA,NA,IRMA,26.2,-81.7,0,0,93,938,2,133,133,83,113,12,0
2017242N16333,2017,NA,NA,IRMA,26.8,-81.7,0,0,80,942,1,140,140,90,120,13,350
2017242N16333,2017,NA,NA,IRMA,27.5,-81.9,0,0,73,952,1,140,140,90,120,15,340
2017242N16333,2017,NA,NA,IRMA,28.2,-82.2,0,0,65,961,1,140,140,90,120,15,340
2017249N22263,2017,NA,GM,KATIA,21.1,-95.9,129,106,88,973,2,20,40,30,20,5,270
2017249N22263,2017,NA,GM,KATIA,21.1,-96.2,106,76,90,972,2,20,40,30,20,6,260
2017249N22263,2017,NA,GM,KATIA,21,-96.6,68,30,80,980,1,20,30,25,20,7,245
2017249N22263,2017,NA,GM,KATIA,20.8,-96.9,30,0,70,988,1,20,20,20,20,6,235
2017249N22263,2017,NA,GM,KATIA,20.6,-97.1,0,0,65,990,1,20,20,20,20,7,225
2017253N14130,2017,WP,MM,DOKSURI,17,109.9,135,112,85,967,2,85,65,55,80,13,295
2017253N14130,2017,WP,MM,DOKSURI,17.2,109.3,113,105,88,966,2,85,65,53,80,11,290
2017253N14130,2017,WP,MM,DOKSURI,17.4,108.8,113,109,90,964,2,85,65,50,80,13,290
2017253N14130,2017,WP,MM,DOKSURI,17.6,108.1,119,74,93,962,2,88,68,48,83,14,285
2017253N14130,2017,WP,MM,DOKSURI,17.7,107.4,74,23,95,960,2,90,70,45,85,13,280
2017253N14130,2017,WP,MM,DOKSURI,17.8,106.7,23,0,88,962,2,70,55,40,65,13,275
2017253N14130,2017,WP,MM,DOKSURI,17.8,106,0,0,80,963,1,50,40,35,45,13,275
2017253N14130,2017,WP,MM,DOKSURI,17.9,105.3,0,0,65,974,1,80,53,38,63,14,280
2017257N16258,2017,EP,MM,MAX,16.3,-100.5,84,59,65,992,1,10,20,20,20,6,80
2017257N16258,2017,EP,MM,MAX,16.4,-100.2,59,22,70,988,1,20,20,20,20,8,80
2017257N16258,2017,EP,MM,MAX,16.5,-99.7,22,11,75,984,1,20,20,20,20,10,80
2017257N16258,2017,EP,MM,MAX,16.6,-99.2,11,0,80,980,1,20,20,20,20,8,75
2017257N16258,2017,EP,MM,MAX,16.7,-98.9,0,0,70,986,1,20,20,20,10,6,70
2017260N12310,2017,NA,CS,MARIA,17.3,-64.7,138,85,150,908,5,80,70,60,80,10,310
2017260N12310,2017,NA,CS,MARIA,17.6,-65.1,85,23,140,913,5,80,70,60,80,11,300
2017260N12310,2017,NA,CS,MARIA,17.9,-65.7,15,0,136,918,4,80,70,60,80,12,300
2017260N12310,2017,NA,CS,MARIA,18,-65.9,0,0,135,920,4,80,70,60,80,12,300
2017260N12310,2017,NA,NA,MARIA,18.2,-66.2,0,0,115,935,4,80,70,60,80,10,300
2017260N12310,2017,NA,NA,MARIA,18.4,-66.6,0,0,105,947,3,75,70,60,75,9,300
2017260N12310,2017,NA,NA,MARIA,18.6,-67,22,22,95,959,2,70,70,60,70,7,300
2017260N12310,2017,NA,NA,MARIA,18.8,-67.3,44,44,95,959,2,70,70,60,70,7,305
2017260N12310,2017,NA,NA,MARIA,19,-67.6,74,74,95,958,2,70,70,60,70,7,305
2017260N12310,2017,NA,NA,MARIA,19.2,-67.9,79,74,98,959,3,70,70,60,70,7,305
2017260N12310,2017,NA,NA,MARIA,19.4,-68.2,79,74,100,959,3,70,70,60,70,7,310
2017260N12310,2017,NA,NA,MARIA,19.6,-68.5,84,84,100,959,3,75,75,60,75,8,310
2017260N12310,2017,NA,NA,MARIA,19.9,-68.8,85,84,100,959,3,80,80,60,80,9,315
2017260N12310,2017,NA,NA,MARIA,20.2,-69.2,101,101,103,960,3,85,80,60,80,9,310
2017260N12310,2017,NA,NA,MARIA,20.5,-69.5,113,108,105,960,3,90,80,60,80,7,310
2017277N11279,2017,NA,GM,NATE,27.6,-88.9,157,78,80,981,1,60,60,0,30,18,340
2017277N11279,2017,NA,GM,NATE,28.4,-89.1,66,0,78,982,1,55,55,0,25,15,350
2017277N11279,2017,NA,GM,NATE,29.1,-89.2,0,0,75,983,1,50,50,0,20,15,360
2017277N11279,2017,NA,GM,NATE,29.9,-89.2,9,0,69,984,1,44,50,0,9,15,10
2017277N11279,2017,NA,GM,NATE,30.4,-89,0,0,65,984,1,40,50,0,0,13,25
2017284N15134,2017,WP,MM,KHANUN,20.5,113.4,161,116,85,959,2,105,80,60,95,15,285
2017284N15134,2017,WP,MM,KHANUN,20.7,112.6,116,84,80,963,1,105,80,60,95,15,280
2017284N15134,2017,WP,MM,KHANUN,20.8,111.8,80,67,75,967,1,105,80,60,95,13,275
2017284N15134,2017,WP,MM,KHANUN,20.8,111.2,67,20,65,975,1,83,58,38,73,12,270
2017288N09138,2017,WP,MM,LAN,32.1,136.3,152,102,90,956,2,75,170,95,100,29,35
2017288N09138,2017,WP,MM,LAN,33.4,137.2,104,9,80,963,1,75,170,95,100,30,35
2017304N11127,2017,WP,MM,DAMREY,12.8,111.1,173,109,88,969,2,65,43,45,60,12,265
2017304N11127,2017,WP,MM,DAMREY,12.8,110.4,98,34,90,967,2,65,45,45,60,12,265
2017304N11127,2017,WP,MM,DAMREY,12.7,109.8,34,0,88,969,2,65,48,43,60,13,260
2017304N11127,2017,WP,MM,DAMREY,12.6,109.2,0,0,85,970,2,65,50,40,60,13,260
2017304N11127,2017,WP,MM,DAMREY,12.5,108.5,0,0,70,976,1,48,40,35,45,13,265
2017354N08134,2017,WP,MM,TEMBIN,7.7,117.5,74,56,65,974,1,55,30,30,60,15,280
2017354N08134,2017,WP,MM,TEMBIN,7.9,116.7,71,71,68,972,1,60,33,33,63,16,280
2017364S12065,2018,SI,MM,AVA,-17.1,51,132,111,65,981,1,55,62,62,49,4,275
2017364S12065,2018,SI,MM,AVA,-17.1,50.8,111,96,70,978,1,56,62,62,53,4,245
2017364S12065,2018,SI,MM,AVA,-17.3,50.6,96,92,75,974,1,56,62,62,56,6,225
2017364S12065,2018,SI,MM,AVA,-17.5,50.4,97,63,85,966,2,57,66,63,57,8,225
2017364S12065,2018,SI,MM,AVA,-17.8,50,64,30,95,958,2,57,70,63,57,8,235
2017364S12065,2018,SI,MM,AVA,-18,49.7,31,0,88,963,2,57,70,63,57,8,245
2017364S12065,2018,SI,MM,AVA,-18.1,49.3,0,0,80,967,1,56,69,63,56,7,245
2017364S12065,2018,SI,MM,AVA,-18.3,49,0,0,73,972,1,56,66,63,53,7,235
2017364S12065,2018,SI,MM,AVA,-18.5,48.8,0,0,65,977,1,55,62,62,49,8,220
2018044S10133,2018,SI,WA,KELVIN,-19.2,121.3,10,0,65,979,1,49,37,31,34,5,105
2018044S10133,2018,SI,WA,KELVIN,-19.3,121.6,0,0,70,977,1,49,37,31,37,6,120
2018044S10133,2018,SI,WA,KELVIN,-19.5,121.8,0,0,73,974,1,46,40,31,37,7,135
2018044S10133,2018,SI,WA,KELVIN,-19.8,122.1,0,0,75,971,1,43,43,31,37,7,145
2018044S10133,2018,SI,WA,KELVIN,-20,122.2,0,0,70,975,1,43,43,31,37,7,150
2018044S10133,2018,SI,WA,KELVIN,-20.4,122.4,0,0,65,979,1,43,43,30,37,7,155
2018064S16172,2018,SP,MM,HOLA,-16.4,166.9,39,39,65,982,1,53,37,31,37,7,230
2018064S16172,2018,SP,MM,HOLA,-16.6,166.6,77,77,70,978,1,56,37,31,37,6,230
2018064S16172,2018,SP,MM,HOLA,-16.8,166.4,108,108,80,970,1,60,44,35,38,5,235
2018073S09129,2018,SI,WA,MARCUS,-13.9,128.7,94,68,65,986,1,37,43,43,43,8,245
2018073S09129,2018,SI,WA,MARCUS,-14,128.3,68,10,68,985,1,37,43,43,43,10,250
2018073S09129,2018,SI,WA,MARCUS,-14.2,127.8,10,0,70,984,1,37,43,43,43,12,250
2018073S09129,2018,SI,WA,MARCUS,-14.4,127.1,0,0,65,987,1,37,43,43,43,13,250
2018073S09129,2018,SI,WA,MARCUS,-14.9,124.2,72,72,65,988,1,37,49,43,49,8,270
2018073S09129,2018,SI,WA,MARCUS,-14.8,123.8,110,110,68,987,1,40,49,43,49,6,275
2018073S12057,2018,SI,MM,ELIAKIM,-15.8,50.6,24,10,65,982,1,100,112,93,100,4,280
2018079S08137,2018,SP,EA,NORA,-13,140.6,108,75,95,961,2,70,70,51,51,12,140
2018079S08137,2018,SP,EA,NORA,-13.5,141,64,32,90,964,2,69,69,50,50,11,145
2018079S08137,2018,SP,EA,NORA,-13.9,141.2,32,15,85,968,2,69,69,50,50,10,150
2018079S08137,2018,SP,EA,NORA,-14.4,141.5,10,0,80,972,1,69,69,50,50,11,160
2018079S08137,2018,SP,EA,NORA,-14.9,141.6,10,0,73,978,1,56,59,50,47,10,175
2018079S08137,2018,SP,EA,NORA,-15.4,141.6,0,0,65,984,1,43,49,49,43,9,185
2018096S15172,2018,SP,MM,KENI,-18.2,176,128,70,70,984,1,75,94,50,62,19,115
2018096S15172,2018,SP,MM,KENI,-18.7,177,64,64,75,980,1,81,100,50,69,21,115
2018096S15172,2018,SP,MM,KENI,-19,178.1,78,78,83,974,2,88,101,50,76,23,115
2018111S07055,2018,SI,MM,FAKIR,-19.4,55,181,67,75,982,1,43,50,31,31,22,150
2018111S07055,2018,SI,MM,FAKIR,-20.4,55.6,67,23,73,984,1,43,50,31,31,24,150
2018111S07055,2018,SI,MM,FAKIR,-21.4,56.3,52,52,70,985,1,43,49,31,31,22,145
2018136N11054,2018,NI,AS,MEKUNU:SAGAR,11.3,45.1,80,70,65,974,1,10,20,25,20,4,235
2018136N11054,2018,NI,AS,MEKUNU:SAGAR,15.8,54.5,127,99,90,960,2,70,75,65,50,7,345
2018136N11054,2018,NI,AS,MEKUNU:SAGAR,16.1,54.4,99,78,95,954,2,70,85,78,53,7,340
2018136N11054,2018,NI,AS,MEKUNU:SAGAR,16.3,54.3,67,49,100,948,3,70,95,90,55,5,325
2018136N11054,2018,NI,AS,MEKUNU:SAGAR,16.5,54.1,49,22,100,951,3,53,73,65,50,5,315
2018136N11054,2018,NI,AS,MEKUNU:SAGAR,16.7,53.9,22,0,100,953,3,35,50,40,45,7,320
2018136N11054,2018,NI,AS,MEKUNU:SAGAR,17,53.6,0,0,93,958,2,48,78,43,43,6,325
2018136N11054,2018,NI,AS,MEKUNU:SAGAR,17.2,53.5,0,0,85,963,2,60,105,45,40,5,335
2018136N11054,2018,NI,AS,MEKUNU:SAGAR,17.5,53.4,0,0,78,967,1,60,88,45,40,7,340
2018136N11054,2018,NI,AS,MEKUNU:SAGAR,17.8,53.3,0,0,70,970,1,60,70,45,40,8,345
2018179N19134,2018,WP,MM,PRAPIROON,32,128.2,155,116,75,963,1,113,94,56,94,13,20
2018179N19134,2018,WP,MM,PRAPIROON,32.6,128.5,107,74,73,965,1,113,94,56,88,14,20
2018179N19134,2018,WP,MM,PRAPIROON,33.2,128.8,74,59,70,966,1,112,94,56,81,13,25
2018179N19134,2018,WP,MM,PRAPIROON,33.8,129.2,66,66,65,968,1,109,94,56,78,13,35
2018184N10147,2018,WP,MM,MARIA,26.1,122.3,122,113,95,952,2,107,82,63,89,21,290
2018184N10147,2018,WP,MM,MARIA,26.3,121.1,104,24,95,952,2,101,82,63,86,20,280
2018184N10147,2018,WP,MM,MARIA,26.4,120.1,22,0,95,951,2,95,82,63,82,18,275
2018184N10147,2018,WP,MM,MARIA,26.4,119.1,0,0,85,960,2,88,76,57,76,17,275
2018184N10147,2018,WP,MM,MARIA,26.6,118.2,0,0,75,969,1,81,69,50,69,15,285
2018184N10147,2018,WP,MM,MARIA,26.8,117.5,0,0,65,976,1,71,59,50,59,14,290
2018204N15137,2018,WP,MM,JONGDARI,33.8,140.5,134,90,80,960,1,94,75,44,75,21,295
2018204N15137,2018,WP,MM,JONGDARI,34,139.4,86,48,75,963,1,85,62,41,69,19,280
2018204N15137,2018,WP,MM,JONGDARI,34.2,138.3,45,21,70,966,1,75,49,37,62,19,285
2018204N15137,2018,WP,MM,JONGDARI,34.5,137.1,14,9,65,970,1,69,46,34,59,21,285
2018214N19153,2018,WP,MM,SHANSHAN,34.1,141.2,142,106,73,965,1,88,72,50,56,7,0
2018214N19153,2018,WP,MM,SHANSHAN,34.5,141.2,106,77,70,967,1,81,68,49,49,7,355
2018214N19153,2018,WP,MM,SHANSHAN,34.8,141.1,77,54,65,971,1,75,62,49,46,8,345
2018227N11145,2018,WP,MM,SOULIK,31.9,126.1,146,107,80,960,1,88,75,63,75,9,325
2018227N11145,2018,WP,MM,SOULIK,32.3,125.8,110,93,78,962,1,88,75,63,75,8,325
2018227N11145,2018,WP,MM,SOULIK,32.6,125.6,93,85,75,964,1,88,75,62,75,6,335
2018227N11145,2018,WP,MM,SOULIK,32.8,125.5,85,68,70,966,1,81,75,62,75,5,345
2018227N11145,2018,WP,MM,SOULIK,33.1,125.5,68,64,65,968,1,74,74,62,74,6,0
2018229N11160,2018,WP,MM,CIMARON,31.8,134.4,157,58,75,962,1,138,119,69,103,18,355
2018229N11160,2018,WP,MM,CIMARON,32.7,134.4,58,9,73,963,1,138,119,74,100,20,5
2018229N11160,2018,WP,MM,CIMARON,33.7,134.6,9,0,70,963,1,138,119,78,97,23,5
2018229N11160,2018,WP,MM,CIMARON,34.6,134.7,14,0,65,966,1,129,114,77,89,27,5
2018239N11161,2018,WP,MM,JEBI,31.2,133.2,168,86,100,942,3,93,93,72,74,22,20
2018239N11161,2018,WP,MM,JEBI,32.4,133.8,81,9,100,942,3,94,94,75,79,27,25
2018239N11161,2018,WP,MM,JEBI,33.3,134.3,9,9,93,949,2,99,96,75,70,32,25
2018239N11161,2018,WP,MM,JEBI,33.8,134.6,0,0,90,953,2,102,97,75,66,35,25
2018239N11161,2018,WP,MM,JEBI,34.3,134.9,18,0,87,956,2,105,98,75,62,38,25
2018239N11161,2018,WP,MM,JEBI,35.5,135.6,9,0,80,963,1,110,100,75,53,39,25
2018239N11161,2018,WP,MM,JEBI,37.3,136.6,14,8,70,971,1,102,100,65,51,41,25
2018242N13343,2018,NA,NA,FLORENCE,33.6,-76,130,101,90,953,2,100,90,80,80,7,310
2018242N13343,2018,NA,NA,FLORENCE,33.8,-76.3,101,78,90,953,2,100,85,80,75,6,315
2018242N13343,2018,NA,NA,FLORENCE,34,-76.5,78,66,90,952,2,100,80,80,70,6,305
2018242N13343,2018,NA,NA,FLORENCE,34.1,-76.8,66,38,88,952,2,100,80,80,70,6,290
2018242N13343,2018,NA,NA,FLORENCE,34.2,-77.2,38,14,85,952,2,100,80,80,70,6,290
2018242N13343,2018,NA,NA,FLORENCE,34.3,-77.5,14,0,82,954,1,100,80,80,64,6,270
2018242N13343,2018,NA,NA,FLORENCE,34.2,-77.8,0,0,80,956,1,100,80,80,60,7,235
2018242N13343,2018,NA,NA,FLORENCE,34.1,-77.9,0,0,80,957,1,100,80,80,40,7,235
2018242N13343,2018,NA,NA,FLORENCE,34,-78.2,0,0,73,963,1,95,75,70,35,4,255
2018242N13343,2018,NA,NA,FLORENCE,34,-78.4,0,0,65,969,1,90,70,60,30,3,270
2018250N12170,2018,WP,MM,MANGKHUT,17.4,124.1,175,105,140,911,5,160,148,141,185,17,290
2018250N12170,2018,WP,MM,MANGKHUT,17.7,123.2,95,23,140,911,5,164,148,141,185,18,290
2018250N12170,2018,WP,MM,MANGKHUT,18,122.3,15,0,140,911,5,167,148,141,185,18,280
2018250N12170,2018,WP,MM,MANGKHUT,18,121.4,0,0,128,924,4,166,141,138,175,16,275
2018250N12170,2018,WP,MM,MANGKHUT,18.1,120.7,0,0,115,937,4,165,134,134,165,12,280
2018250N12170,2018,WP,MM,MANGKHUT,18.3,120.1,47,47,110,942,3,159,131,131,165,10,295
2018250N12170,2018,WP,MM,MANGKHUT,18.5,119.7,95,95,105,946,3,152,127,127,165,12,300
2018250N12170,2018,WP,MM,MANGKHUT,21.2,114.2,123,93,80,962,1,128,104,87,123,20,300
2018250N12170,2018,WP,MM,MANGKHUT,21.4,113.8,93,73,80,962,1,127,102,84,121,19,295
2018250N12170,2018,WP,MM,MANGKHUT,21.5,113.5,68,39,80,962,1,126,100,81,119,19,295
2018250N12170,2018,WP,MM,MANGKHUT,21.6,113.2,39,11,79,963,1,122,99,79,114,19,295
2018250N12170,2018,WP,MM,MANGKHUT,21.8,112.9,11,0,78,963,1,117,98,77,109,20,290
2018250N12170,2018,WP,MM,MANGKHUT,21.9,112.6,0,0,78,964,1,113,97,75,104,20,285
2018250N12170,2018,WP,MM,MANGKHUT,21.9,112.2,0,0,77,964,1,109,96,73,98,19,280
2018250N12170,2018,WP,MM,MANGKHUT,22,111.9,0,0,76,965,1,104,95,71,93,19,285
2018250N12170,2018,WP,MM,MANGKHUT,22.1,111.6,0,0,75,965,1,100,94,69,88,18,280
2018250N12170,2018,WP,MM,MANGKHUT,22.3,110.6,0,0,68,972,1,100,87,62,88,17,285
2018263N12146,2018,WP,MM,TRAMI,29.8,130.1,145,56,83,958,2,151,145,132,157,19,45
2018263N12146,2018,WP,MM,TRAMI,30.5,130.9,58,29,80,959,1,144,144,132,163,22,45
2018263N12146,2018,WP,MM,TRAMI,31.4,131.9,47,44,78,960,1,141,148,135,160,25,45
2018263N12146,2018,WP,MM,TRAMI,32.3,133,44,11,75,960,1,138,151,138,157,27,50
2018263N12146,2018,WP,MM,TRAMI,33.2,134.4,18,0,73,960,1,132,151,154,141,31,55
2018263N12146,2018,WP,MM,TRAMI,33.8,135.5,0,0,71,959,1,127,150,164,130,35,50
2018271N06154,2018,WP,MM,KONG-REY,32,126.1,135,44,65,976,1,144,128,128,144,16,20
2018271N06154,2018,WP,MM,KONG-REY,32.8,126.6,44,9,65,976,1,144,125,125,144,20,30
2018280N18273,2018,NA,CS,MICHAEL,20.9,-85.1,105,63,65,982,1,70,50,20,50,8,10
2018280N18273,2018,NA,CS,MICHAEL,21.3,-85.1,63,24,70,980,1,65,50,20,50,8,0
2018280N18273,2018,NA,CS,MICHAEL,21.7,-85.1,24,10,75,977,1,60,50,20,50,9,360
2018280N18273,2018,NA,GM,MICHAEL,22.2,-85.1,35,35,80,974,1,60,50,25,50,10,355
2018280N18273,2018,NA,GM,MICHAEL,22.7,-85.2,91,91,85,971,2,60,50,30,50,11,340
2018280N18273,2018,NA,GM,MICHAEL,29,-86.3,117,73,125,934,4,80,80,40,50,11,25
2018280N18273,2018,NA,GM,MICHAEL,29.4,-85.9,58,0,133,926,4,69,80,45,50,13,35
2018280N18273,2018,NA,GM,MICHAEL,30,-85.5,0,0,140,919,5,60,80,50,50,19,30
2018280N18273,2018,NA,NA,MICHAEL,30.2,-85.4,0,0,135,920,4,60,80,50,50,19,25
2018280N18273,2018,NA,NA,MICHAEL,31,-84.9,0,0,108,939,3,50,60,40,35,15,30
2018280N18273,2018,NA,NA,MICHAEL,31.5,-84.5,0,0,80,957,1,40,40,30,20,14,40
2018280N18273,2018,NA,NA,MICHAEL,32.1,-83.9,0,0,65,968,1,20,30,15,10,17,40
2018281N14088,2018,NI,BB,TITLI,17.6,85.3,146,115,90,956,2,85,80,60,65,6,330
2018281N14088,2018,NI,BB,TITLI,17.8,85.1,115,76,98,950,3,75,78,65,58,8,335
2018281N14088,2018,NI,BB,TITLI,18.3,85,69,15,105,944,3,65,75,70,50,9,325
2018281N14088,2018,NI,BB,TITLI,18.6,84.6,15,0,103,946,3,73,73,65,48,8,310
2018281N14088,2018,NI,BB,TITLI,18.8,84.4,0,0,100,948,3,80,70,60,45,6,305
2018281N14088,2018,NI,BB,TITLI,18.9,84.1,0,0,90,956,2,73,73,55,43,6,310
2018281N14088,2018,NI,BB,TITLI,19.2,83.9,0,0,80,963,1,65,75,50,40,6,330
2018281N14088,2018,NI,BB,TITLI,19.4,83.8,0,0,73,969,1,63,68,45,35,6,350
2018281N14088,2018,NI,BB,TITLI,19.7,83.8,0,0,65,974,1,60,60,40,30,5,15
2018292N14261,2018,EP,MM,WILLA,21.7,-106.7,118,75,100,965,3,50,50,40,40,9,35
2018292N14261,2018,EP,MM,WILLA,22.1,-106.4,75,20,100,967,3,50,50,40,40,10,40
2018292N14261,2018,EP,MM,WILLA,22.5,-106,20,0,100,968,3,50,50,40,40,11,40
2018292N14261,2018,EP,MM,WILLA,22.7,-105.8,0,0,100,968,3,50,50,40,40,14,45
2018292N14261,2018,EP,MM,WILLA,23,-105.5,0,0,82,975,1,25,25,20,20,21,45
2018294N08161,2018,WP,MM,YUTU,16.8,123.6,117,54,113,944,4,140,109,99,172,12,270
2018294N08161,2018,WP,MM,YUTU,16.8,123,54,0,105,950,3,139,102,102,171,13,270
2018294N08161,2018,WP,MM,YUTU,16.8,122.3,0,0,98,957,3,152,92,102,168,14,265
2018294N08161,2018,WP,MM,YUTU,16.7,121.6,0,0,90,964,2,164,82,101,164,13,265
2018294N08161,2018,WP,MM,YUTU,16.7,120.9,0,0,83,970,2,164,82,101,164,13,265
2018294N08161,2018,WP,MM,YUTU,16.6,120.2,10,10,75,976,1,163,81,100,163,12,270
2018294N08161,2018,WP,MM,YUTU,16.7,119.6,49,49,70,980,1,163,81,100,163,10,275
2018294N08161,2018,WP,MM,YUTU,16.7,119.2,78,78,65,984,1,163,81,100,163,7,280
2018311N07179,2018,WP,MM,USAGI,9.7,108.5,124,106,80,979,1,38,38,44,54,5,280
2018311N07179,2018,WP,MM,USAGI,9.8,108.3,106,99,75,982,1,37,37,43,50,5,275
2018311N07179,2018,WP,MM,USAGI,9.8,108,99,86,70,986,1,43,37,43,50,5,275
2018311N07179,2018,WP,MM,USAGI,9.8,107.8,86,64,65,989,1,49,37,43,49,4,285
2018314N12093,2018,NI,BB,GAJA,10.9,81.2,142,87,70,970,1,30,25,25,30,10,245
2018314N12093,2018,NI,BB,GAJA,10.7,80.7,87,43,75,967,1,23,25,23,23,10,250
2018314N12093,2018,NI,BB,GAJA,10.6,80.3,43,0,80,963,1,15,25,20,15,10,260
2018314N12093,2018,NI,BB,GAJA,10.5,79.7,0,0,75,967,1,25,23,20,23,11,265
2018314N12093,2018,NI,BB,GAJA,10.5,79.1,0,0,70,970,1,35,20,20,30,12,270
2018334S09156,2019,SP,EA,OWEN,-14.9,136.6,55,55,65,980,1,25,35,35,25,5,260
2018334S09156,2019,SP,EA,OWEN,-14.9,136.4,59,39,68,979,1,28,35,33,25,5,245
2018334S09156,2019,SP,EA,OWEN,-15.1,136.2,39,11,70,977,1,30,35,30,25,5,225
2018334S09156,2019,SP,EA,OWEN,-15.3,136,11,0,85,967,2,30,35,30,25,3,225
2018334S09156,2019,SP,EA,OWEN,-15.3,135.9,0,0,85,965,2,35,30,25,30,1,345
2018334S09156,2019,SP,EA,OWEN,-15.2,136,22,22,80,970,1,35,30,25,30,4,65
2018334S09156,2019,SP,EA,OWEN,-15.1,136.3,35,35,80,971,1,35,25,15,30,6,85
2018334S09156,2019,SP,EA,OWEN,-15.1,136.6,54,54,78,973,1,43,28,18,38,5,90
2018334S09156,2019,SP,EA,OWEN,-15.1,136.9,79,74,75,975,1,50,30,20,45,5,105
2018334S09156,2019,SP,EA,OWEN,-15.2,137.1,79,70,78,973,1,43,33,25,40,5,115
2018334S09156,2019,SP,EA,OWEN,-15.3,137.3,79,79,80,971,1,35,35,30,35,5,90
2018334S09156,2019,SP,EA,OWEN,-15.2,137.6,99,99,80,972,1,40,38,38,40,7,70
2018334S09156,2019,SP,EA,OWEN,-15.1,139.8,187,109,73,975,1,43,30,30,40,14,100
2018334S09156,2019,SP,EA,OWEN,-15.3,140.5,109,48,70,977,1,35,25,25,35,14,120
2018334S09156,2019,SP,EA,OWEN,-15.8,141,44,0,65,980,1,28,23,23,30,14,135
2019063S18038,2019,SI,MM,IDAI,-17.2,43.1,91,81,68,985,1,30,35,35,33,2,75
2019063S18038,2019,SI,MM,IDAI,-17.2,43.2,86,81,75,980,1,40,45,40,35,0,125
2019063S18038,2019,SI,MM,IDAI,-17.2,43.2,81,81,85,973,2,45,50,43,43,1,225
2019063S18038,2019,SI,MM,IDAI,-17.3,43.1,91,87,95,965,2,50,55,45,50,2,240
2019063S18038,2019,SI,MM,IDAI,-17.3,43,98,98,115,947,4,50,55,45,50,1,225
2019063S18038,2019,SI,MM,IDAI,-17.3,43,98,96,110,950,3,60,50,45,60,2,215
2019063S18038,2019,SI,MM,IDAI,-17.5,42.9,106,106,110,951,3,58,50,48,58,3,230
2019063S18038,2019,SI,MM,IDAI,-17.6,42.8,116,116,110,951,3,55,50,50,55,4,240
2019063S18038,2019,SI,MM,IDAI,-19.9,36.8,123,112,100,963,3,68,75,68,60,8,260
2019063S18038,2019,SI,MM,IDAI,-19.9,36.4,112,84,95,967,2,65,80,75,60,7,270
2019063S18038,2019,SI,MM,IDAI,-19.9,36,84,45,93,968,2,63,68,68,50,7,280
2019063S18038,2019,SI,MM,IDAI,-19.8,35.6,45,15,90,968,2,60,55,60,40,7,275
2019063S18038,2019,SI,MM,IDAI,-19.8,35.2,15,0,100,964,3,60,55,60,40,8,280
2019063S18038,2019,SI,MM,IDAI,-19.7,34.8,0,0,100,965,3,40,55,60,45,7,290
2019063S18038,2019,SI,MM,IDAI,-19.5,34.5,0,0,93,971,2,40,53,53,38,7,295
2019063S18038,2019,SI,MM,IDAI,-19.4,34.2,0,0,85,977,2,40,50,45,30,7,290
2019063S18038,2019,SI,MM,IDAI,-19.3,33.8,0,0,78,982,1,45,55,43,35,7,280
2019063S18038,2019,SI,MM,IDAI,-19.3,33.5,0,0,70,987,1,50,60,40,40,6,280
2019074S08151,2019,SP,EA,TREVOR,-12.9,144.6,119,97,90,966,2,35,35,35,35,5,255
2019074S08151,2019,SP,EA,TREVOR,-13,144.4,97,65,93,964,2,40,40,35,35,5,260
2019074S08151,2019,SP,EA,TREVOR,-13,144.1,65,43,95,962,2,45,45,35,35,5,260
2019074S08151,2019,SP,EA,TREVOR,-13,143.9,43,21,100,956,3,45,55,38,35,4,270
2019074S08151,2019,SP,EA,TREVOR,-13,143.7,21,0,105,950,3,45,65,40,35,5,280
2019074S08151,2019,SP,EA,TREVOR,-12.9,143.5,0,0,100,954,3,45,60,42,38,5,285
2019074S08151,2019,SP,EA,TREVOR,-12.9,143.4,0,0,98,956,3,45,58,43,40,4,270
2019074S08151,2019,SP,EA,TREVOR,-13,143.2,0,0,90,962,2,45,50,45,45,5,255
2019074S08151,2019,SP,EA,TREVOR,-13.1,142.9,0,0,85,968,2,50,55,48,48,6,250
2019074S08151,2019,SP,EA,TREVOR,-13.2,142.7,0,0,80,973,1,55,60,50,50,6,260
2019074S08151,2019,SP,EA,TREVOR,-13.1,142.4,0,0,73,977,1,53,58,48,48,5,275
2019074S08151,2019,SP,EA,TREVOR,-13.1,142.2,0,0,65,981,1,50,55,45,45,4,285
2019074S08151,2019,SP,EA,TREVOR,-13.8,141.1,48,48,65,981,1,20,20,15,20,7,230
2019074S08151,2019,SP,EA,TREVOR,-13.9,140.7,86,86,68,981,1,28,30,25,28,8,250
2019074S08151,2019,SP,EA,TREVOR,-15.3,138.5,132,94,103,953,3,60,73,70,58,7,230
2019074S08151,2019,SP,EA,TREVOR,-15.6,138.2,94,59,110,948,3,60,70,70,65,7,230
2019074S08151,2019,SP,EA,TREVOR,-15.7,137.9,59,22,108,950,3,63,78,73,63,7,230
2019074S08151,2019,SP,EA,TREVOR,-16,137.6,22,0,105,952,3,65,85,75,60,10,235
2019074S08151,2019,SP,EA,TREVOR,-16.2,137.3,0,0,103,953,3,68,86,72,59,12,235
2019074S08151,2019,SP,EA,TREVOR,-16.4,137,0,0,100,955,3,73,88,68,58,10,230
2019074S08151,2019,SP,EA,TREVOR,-16.7,136.7,0,0,95,958,2,80,90,60,55,10,230
2019074S08151,2019,SP,EA,TREVOR,-17,136.3,0,0,85,966,2,80,90,60,55,11,225
2019074S08151,2019,SP,EA,TREVOR,-17.4,135.9,0,0,75,974,1,80,90,60,55,12,220
2019074S08151,2019,SP,EA,TREVOR,-17.9,135.5,0,0,68,976,1,63,75,55,48,12,215
2019077S13123,2019,SI,WA,VERONICA,-19.6,117.4,113,98,98,954,3,83,80,73,73,4,155
2019077S13123,2019,SI,WA,VERONICA,-19.8,117.5,98,74,105,948,3,80,75,75,75,4,160
2019077S13123,2019,SI,WA,VERONICA,-19.9,117.6,74,64,110,943,3,75,73,68,70,3,165
2019077S13123,2019,SI,WA,VERONICA,-20.1,117.6,64,54,115,938,4,70,70,60,65,2,160
2019077S13123,2019,SI,WA,VERONICA,-20.1,117.6,54,54,110,944,3,63,60,50,55,1,165
2019077S13123,2019,SI,WA,VERONICA,-20.2,117.7,49,39,105,949,3,55,50,40,45,1,165
2019077S13123,2019,SI,WA,VERONICA,-20.2,117.7,39,30,95,954,2,60,58,48,50,2,170
2019077S13123,2019,SI,WA,VERONICA,-20.3,117.7,30,30,85,959,2,65,65,55,55,1,150
2019077S13123,2019,SI,WA,VERONICA,-20.3,117.7,30,30,80,966,1,58,55,48,48,0,0
2019077S13123,2019,SI,WA,VERONICA,-20.3,117.7,30,23,75,972,1,50,45,40,40,1,230
2019077S13123,2019,SI,WA,VERONICA,-20.4,117.6,33,33,65,978,1,33,30,28,28,2,230
2019112S10053,2019,SI,MM,KENNETH,-11.7,41.9,145,87,125,934,4,60,70,65,50,9,250
2019112S10053,2019,SI,MM,KENNETH,-11.9,41.4,87,32,123,938,4,60,73,68,50,10,250
2019112S10053,2019,SI,MM,KENNETH,-12.1,40.9,32,0,120,942,4,60,75,70,50,10,255
2019112S10053,2019,SI,MM,KENNETH,-12.2,40.5,0,0,98,955,3,55,65,58,40,9,255
2019112S10053,2019,SI,MM,KENNETH,-12.3,40.1,0,0,75,967,1,50,55,45,30,8,255
2019112S10053,2019,SI,MM,KENNETH,-12.3,39.7,0,0,68,973,1,50,58,45,33,7,255
2019116N02090,2019,NI,BB,FANI,17.2,84.8,143,116,135,917,4,75,80,73,60,8,0
2019116N02090,2019,NI,BB,FANI,17.6,84.8,107,92,150,900,5,80,85,75,60,7,5
2019116N02090,2019,NI,BB,FANI,17.9,84.9,92,76,148,903,5,70,75,70,50,7,15
2019116N02090,2019,NI,BB,FANI,18.3,85,69,62,145,905,5,60,65,65,40,8,25
2019116N02090,2019,NI,BB,FANI,18.6,85.2,67,54,140,912,5,65,90,80,63,10,30
2019116N02090,2019,NI,BB,FANI,19.1,85.5,54,22,135,918,4,70,115,95,85,11,25
2019116N02090,2019,NI,BB,FANI,19.6,85.7,22,0,125,930,4,68,90,75,65,12,20
2019116N02090,2019,NI,BB,FANI,20.2,85.9,0,0,115,942,4,65,65,55,45,11,20
2019116N02090,2019,NI,BB,FANI,20.7,86.1,0,0,95,957,2,68,70,58,43,12,30
2019116N02090,2019,NI,BB,FANI,21.2,86.5,0,0,75,971,1,70,75,60,40,12,40
2019116N02090,2019,NI,BB,FANI,21.6,86.9,0,0,65,978,1,40,43,35,25,12,45
2019160N11073,2019,NI,AS,VAYU,20.1,69.6,118,115,85,961,2,50,55,50,45,5,340
2019160N11073,2019,NI,AS,VAYU,20.3,69.5,115,106,90,958,2,48,55,55,43,4,330
2019160N11073,2019,NI,AS,VAYU,20.5,69.4,106,106,95,955,2,45,55,60,40,4,325
2019160N11073,2019,NI,AS,VAYU,20.7,69.2,106,106,98,952,3,48,58,63,43,5,320
2019160N11073,2019,NI,AS,VAYU,20.8,69.1,98,98,100,948,3,50,60,65,45,3,305
2019160N11073,2019,NI,AS,VAYU,20.9,68.9,114,114,100,948,3,53,60,58,43,2,285
2019160N11073,2019,NI,AS,VAYU,20.9,68.9,114,114,100,948,3,55,60,50,40,2,285
2019192N29274,2019,NA,GM,BARRY,29.3,-91.9,36,0,65,993,1,60,90,0,0,7,320
2019192N29274,2019,NA,GM,BARRY,29.6,-92.2,0,0,65,993,1,60,90,0,0,7,325
2019213N17155,2019,WP,MM,FRANCISCO,31.2,133,153,94,70,974,1,65,30,30,65,12,290
2019213N17155,2019,WP,MM,FRANCISCO,31.4,132.4,94,37,75,970,1,63,40,33,58,11,300
2019213N17155,2019,WP,MM,FRANCISCO,31.8,131.9,37,0,80,966,1,60,50,35,50,12,310
2019213N17155,2019,WP,MM,FRANCISCO,32.1,131.5,0,0,75,969,1,60,50,32,47,14,315
2019213N17155,2019,WP,MM,FRANCISCO,32.2,131.3,0,0,73,971,1,60,50,30,45,16,320
2019213N17155,2019,WP,MM,FRANCISCO,32.9,130.6,0,0,65,976,1,60,50,25,40,15,320
2019214N15134,2019,WP,MM,LEKIMA,27.3,122.2,125,96,103,928,3,146,96,92,114,7,315
2019214N15134,2019,WP,MM,LEKIMA,27.5,122,96,44,100,931,3,146,89,89,114,8,320
2019214N15134,2019,WP,MM,LEKIMA,27.9,121.7,44,0,95,935,2,130,83,83,101,10,325
2019214N15134,2019,WP,MM,LEKIMA,28.3,121.4,0,0,90,939,2,113,76,76,88,10,325
2019214N15134,2019,WP,MM,LEKIMA,28.7,121.1,0,0,83,946,2,101,73,69,75,9,325
2019214N15134,2019,WP,MM,LEKIMA,29.1,120.8,0,0,75,953,1,88,69,62,62,10,335
2019214N15134,2019,WP,MM,LEKIMA,29.5,120.6,0,0,68,959,1,81,66,62,62,10,340
2019236N10314,2019,NA,CS,DORIAN,17.7,-64.5,129,114,64,996,1,20,0,0,20,11,325
2019236N10314,2019,NA,CS,DORIAN,17.8,-64.6,114,52,65,995,1,20,0,0,20,18,320
2019236N10314,2019,NA,CS,DORIAN,18.4,-65.1,52,38,70,993,1,30,20,0,20,15,320
2019236N10314,2019,NA,CS,DORIAN,18.9,-65.5,56,56,73,991,1,30,20,0,20,10,325
2019236N10314,2019,NA,NA,DORIAN,19.2,-65.7,89,89,75,989,1,30,20,0,20,9,325
2019236N10314,2019,NA,NA,DORIAN,31.4,-79.6,134,110,100,958,3,100,90,70,70,8,20
2019236N10314,2019,NA,NA,DORIAN,31.8,-79.4,105,93,100,958,3,100,90,70,65,8,25
2019236N10314,2019,NA,NA,DORIAN,32.1,-79.2,93,72,100,958,3,100,90,70,60,7,25
2019236N10314,2019,NA,NA,DORIAN,32.4,-79.1,72,57,98,958,3,100,90,75,60,7,25
2019236N10314,2019,NA,NA,DORIAN,32.7,-78.9,57,57,95,958,2,100,90,80,60,8,40
2019236N10314,2019,NA,NA,DORIAN,33,-78.5,68,55,93,957,2,100,95,80,65,11,50
2019236N10314,2019,NA,NA,DORIAN,33.4,-77.9,56,43,90,956,2,100,100,80,70,11,50
2019236N10314,2019,NA,NA,DORIAN,33.7,-77.4,59,56,90,956,2,100,105,80,70,11,50
2019236N10314,2019,NA,NA,DORIAN,34.1,-76.9,63,24,90,956,2,100,110,80,70,12,50
2019236N10314,2019,NA,NA,DORIAN,34.6,-76.3,21,21,88,956,2,105,115,80,70,14,45
2019236N10314,2019,NA,NA,DORIAN,35.1,-75.7,49,45,85,956,2,110,120,80,70,15,40
2019236N10314,2019,NA,NA,DORIAN,35.2,-75.6,45,35,85,956,2,110,120,80,70,18,50
2019236N10314,2019,NA,NA,DORIAN,35.7,-74.9,55,55,85,956,2,110,125,85,75,20,55
2019236N10314,2019,NA,NA,DORIAN,41.8,-65.7,189,101,83,954,2,125,150,95,90,26,40
2019242N14180,2019,WP,MM,FAXAI,33.5,138.9,122,58,108,946,3,64,58,39,64,11,0
2019242N14180,2019,WP,MM,FAXAI,34.1,139,58,21,100,952,3,64,57,38,64,12,15
2019242N14180,2019,WP,MM,FAXAI,34.7,139.3,27,0,95,955,2,57,54,38,57,13,20
2019242N14180,2019,WP,MM,FAXAI,35.1,139.6,0,0,92,957,2,52,51,38,52,14,30
2019242N14180,2019,WP,MM,FAXAI,35.3,139.7,9,9,90,958,2,50,50,38,50,14,35
2019242N14180,2019,WP,MM,FAXAI,35.5,139.9,9,0,87,962,2,48,48,37,48,14,40
2019242N14180,2019,WP,MM,FAXAI,35.8,140.3,0,0,83,970,2,44,44,35,44,14,45
2019242N14180,2019,WP,MM,FAXAI,36.3,141,35,35,75,982,1,37,37,31,37,15,50
2019242N14180,2019,WP,MM,FAXAI,36.8,141.7,65,65,70,981,1,37,37,31,37,16,50
2019243N06136,2019,WP,MM,LINGLING,32.4,125,150,111,95,948,2,133,107,101,101,22,355
2019243N06136,2019,WP,MM,LINGLING,35.7,124.8,143,106,75,962,1,106,106,81,94,21,0
2019243N06136,2019,WP,MM,LINGLING,36.8,124.9,106,0,70,966,1,100,100,75,84,22,10
2019243N06136,2019,WP,MM,LINGLING,37.9,125.2,0,0,65,969,1,93,93,68,74,25,15
2019260N12262,2019,EP,MM,LORENA,18,-104,62,57,65,988,1,25,25,20,10,9,335
2019260N12262,2019,EP,MM,LORENA,18.4,-104.2,59,24,70,985,1,30,30,20,10,10,330
2019260N12262,2019,EP,MM,LORENA,18.8,-104.5,30,0,68,988,1,30,30,20,10,11,330
2019260N12262,2019,EP,MM,LORENA,19.3,-104.8,0,0,65,990,1,30,30,20,10,12,325
2019260N12262,2019,EP,MM,LORENA,22.6,-108.8,98,67,65,989,1,10,20,10,0,6,305
2019260N12262,2019,EP,MM,LORENA,22.8,-109,67,37,70,988,1,10,20,10,5,5,315
2019260N12262,2019,EP,MM,LORENA,23,-109.2,37,15,75,986,1,10,20,10,10,7,335
2019260N12262,2019,EP,MM,LORENA,23.4,-109.3,10,0,73,987,1,10,20,10,10,8,340
2019260N12262,2019,EP,MM,LORENA,23.7,-109.5,11,0,70,987,1,10,20,10,10,7,320
2019260N12262,2019,EP,MM,LORENA,23.9,-109.8,0,0,70,987,1,10,20,10,10,8,310
2019264N19071,2019,NI,AS,HIKAA:HIKKA,20,59.6,122,76,90,969,2,20,10,10,20,13,260
2019264N19071,2019,NI,AS,HIKAA:HIKKA,19.9,58.9,68,54,83,974,2,25,15,15,25,12,260
2019264N19071,2019,NI,AS,HIKAA:HIKKA,19.8,58.3,56,0,75,979,1,30,20,20,30,12,260
2019264N19071,2019,NI,AS,HIKAA:HIKKA,19.7,57.6,0,0,68,981,1, , , , ,12,265
2019268N10155,2019,WP,MM,MITAG,23.7,122.9,135,101,88,965,2,101,107,107,145,18,0
2019268N10155,2019,WP,MM,MITAG,24.6,122.9,101,73,90,961,2,101,107,107,139,18,355
2019268N10155,2019,WP,MM,MITAG,25.4,122.7,83,83,88,964,2,104,107,95,114,16,345
2019268N10155,2019,WP,MM,MITAG,27.4,122.2,116,67,70,977,1,106,106,56,87,12,355
2019268N10155,2019,WP,MM,MITAG,28,122.2,67,49,68,979,1,112,100,53,87,13,0
2019268N10155,2019,WP,MM,MITAG,28.6,122.2,49,22,65,980,1,118,93,49,87,14,5
2019278N16165,2019,WP,MM,HAGIBIS,32.8,137.7,181,111,90,950,2,177,164,155,215,18,25
2019278N16165,2019,WP,MM,HAGIBIS,33.7,138.2,100,14,85,951,2,176,164,151,214,19,25
2019278N16165,2019,WP,MM,HAGIBIS,34.6,138.7,9,0,80,956,1,176,164,151,223,22,30
2019278N16165,2019,WP,MM,HAGIBIS,35.6,139.4,0,0,75,960,1,176,163,151,232,27,30
2019278N16165,2019,WP,MM,HAGIBIS,36.9,140.5,0,0,70,965,1,188,172,154,226,32,35
2019278N16165,2019,WP,MM,HAGIBIS,38.2,141.8,28,28,65,970,1,200,181,156,219,32,45
2019302N11118,2019,NI,BB,BULBUL:MATMO,19.6,87.7,130,107,75,979,1,56,50,50,75,7,355
2019302N11118,2019,NI,BB,BULBUL:MATMO,20,87.6,107,76,75,979,1,62,50,50,75,7,355
2019302N11118,2019,NI,BB,BULBUL:MATMO,20.4,87.6,70,70,80,976,1,63,44,44,69,6,10
2019302N11118,2019,NI,BB,BULBUL:MATMO,20.6,87.8,83,83,85,972,2,63,38,38,63,6,20
2019302N11118,2019,NI,BB,BULBUL:MATMO,20.9,87.9,84,59,93,966,2,54,35,32,54,6,25
2019302N11118,2019,NI,BB,BULBUL:MATMO,21.2,88.1,45,22,100,959,3,45,32,26,45,6,35
2019302N11118,2019,NI,BB,BULBUL:MATMO,21.4,88.3,22,0,105,955,3,39,26,20,39,7,50
2019302N11118,2019,NI,BB,BULBUL:MATMO,21.6,88.6,10,0,95,964,2,38,19,19,38,9,60
2019302N11118,2019,NI,BB,BULBUL:MATMO,21.8,89.1,0,0,83,974,2, , , , ,9,65
2019302N11118,2019,NI,BB,BULBUL:MATMO,22,89.5,0,0,70,983,1, , , , ,7,65
2019314N14136,2019,WP,MM,KALMAEGI,18.1,123.1,87,74,70,984,1,49,31,31,75,8,345
2019314N14136,2019,WP,MM,KALMAEGI,18.5,123,74,74,73,982,1,53,31,31,88,8,345
2019314N14136,2019,WP,MM,KALMAEGI,18.8,122.9,77,76,75,980,1,56,31,31,100,6,330
2019314N14136,2019,WP,MM,KALMAEGI,19,122.7,79,79,80,975,1,60,35,44,110,4,310
2019314N14136,2019,WP,MM,KALMAEGI,19.1,122.6,84,81,85,970,2,63,38,57,120,3,310
2019314N14136,2019,WP,MM,KALMAEGI,19.2,122.5,91,91,88,967,2,88,41,70,120,1,315
2019314N14136,2019,WP,MM,KALMAEGI,19.2,122.5,91,91,90,963,2,113,44,82,120,1,0
2019314N14136,2019,WP,MM,KALMAEGI,19.3,122.5,102,102,88,965,2,113,44,82,120,1,25
2019314N14136,2019,WP,MM,KALMAEGI,19.3,122.6,105,105,85,966,2,113,44,82,120,1,30
2019314N14136,2019,WP,MM,KALMAEGI,19.3,122.6,105,102,80,972,1,113,38,85,126,1,245
2019314N14136,2019,WP,MM,KALMAEGI,19.3,122.5,102,67,75,977,1,113,31,88,132,4,210
2019314N14136,2019,WP,MM,KALMAEGI,19,122.4,67,11,70,980,1,119,31,75,135,8,200
2019314N14136,2019,WP,MM,KALMAEGI,18.5,122.2,11,0,65,982,1,125,30,62,137,11,200
2019329N09160,2019,WP,MM,KAMMURI,12.9,126.6,142,101,95,960,2,126,82,82,139,10,270
2019329N09160,2019,WP,MM,KAMMURI,12.9,126.1,101,77,105,951,3,121,80,77,140,9,275
2019329N09160,2019,WP,MM,KAMMURI,13,125.7,77,44,115,942,4,115,77,71,140,9,270
2019329N09160,2019,WP,MM,KAMMURI,12.9,125.2,44,44,118,940,4,115,74,71,153,10,270
2019329N09160,2019,WP,MM,KAMMURI,12.9,124.7,46,0,120,938,4,115,71,71,165,11,275
2019329N09160,2019,WP,MM,KAMMURI,13,124.1,0,0,118,941,4,115,71,71,165,12,275
2019329N09160,2019,WP,MM,KAMMURI,13.1,123.5,0,0,115,943,4,115,71,71,165,12,275
2019329N09160,2019,WP,MM,KAMMURI,13.1,122.8,15,11,110,948,3,121,68,61,165,12,275
2019329N09160,2019,WP,MM,KAMMURI,13.1,122.2,44,21,105,953,3,127,64,51,165,12,275
2019329N09160,2019,WP,MM,KAMMURI,13.2,121.6,21,0,98,959,3,136,57,51,168,12,275
2019329N09160,2019,WP,MM,KAMMURI,13.2,121,0,0,90,965,2,145,50,50,170,11,275
2019329N09160,2019,WP,MM,KAMMURI,13.2,120.5,0,0,85,970,2,170,47,50,189,11,280
2019329N09160,2019,WP,MM,KAMMURI,13.4,119.9,43,43,80,974,1,195,44,50,207,11,290
2019329N09160,2019,WP,MM,KAMMURI,13.6,119.4,99,99,70,981,1,201,40,53,207,12,295
2019336S06055,2020,SI,MM,BELNA,-14.7,45.7,124,79,90,972,2,25,20,20,20,11,200
2019336S06055,2020,SI,MM,BELNA,-15.2,45.5,79,35,90,971,2,25,23,23,23,11,205
2019336S06055,2020,SI,MM,BELNA,-15.7,45.3,35,0,90,970,2,25,25,25,25,10,205
2019336S06055,2020,SI,MM,BELNA,-16.1,45,0,0,100,962,3,30,30,30,30,9,210
2019336S06055,2020,SI,MM,BELNA,-16.5,44.8,0,0,100,964,3,25,25,35,25,9,205
2019336S06055,2020,SI,MM,BELNA,-16.9,44.7,0,0,93,969,2,23,23,30,23,9,195
2019336S06055,2020,SI,MM,BELNA,-17.3,44.6,0,0,85,974,2,20,20,25,20,9,0
2019336S06055,2020,SI,MM,BELNA,-17.9,44.7,0,0,75,981,1,20,20,23,20,10,170
2019336S06055,2020,SI,MM,BELNA,-18.3,44.8,0,0,65,987,1,20,20,20,20,10,175
2019352S14070,2020,SI,MM,CALVINIA,-21.2,58,73,73,65,980,1,35,35,30,20,4,160
2019352S14070,2020,SI,MM,CALVINIA,-21.4,58.1,108,108,68,979,1,38,38,33,25,7,155
2019354N05151,2019,WP,MM,PHANFONE,10.8,127.1,143,65,80,981,1,57,31,50,69,15,280
2019354N05151,2019,WP,MM,PHANFONE,11,126.4,65,0,85,977,2,57,31,50,69,15,280
2019354N05151,2019,WP,MM,PHANFONE,11.2,125.7,11,0,88,975,2,51,32,50,66,15,285
2019354N05151,2019,WP,MM,PHANFONE,11.4,124.9,10,0,90,972,2,44,32,50,63,15,285
2019354N05151,2019,WP,MM,PHANFONE,11.6,124.1,11,11,93,969,2,38,32,51,57,15,285
2019354N05151,2019,WP,MM,PHANFONE,11.7,123.4,39,31,95,966,2,32,32,51,51,13,280
2019354N05151,2019,WP,MM,PHANFONE,11.8,122.9,33,11,100,962,3,29,29,36,39,10,275
2019354N05151,2019,WP,MM,PHANFONE,11.8,122.4,11,11,105,958,3,26,26,20,26,10,280
2019354N05151,2019,WP,MM,PHANFONE,12,121.8,22,22,105,958,3,29,23,20,26,11,285
2019354N05151,2019,WP,MM,PHANFONE,12.2,121.3,10,0,105,958,3,32,20,20,26,12,290
2019354N05151,2019,WP,MM,PHANFONE,12.4,120.7,31,31,103,961,3,32,20,20,26,13,290
2019354N05151,2019,WP,MM,PHANFONE,12.6,120.1,76,76,100,964,3,32,20,20,26,11,290
2019354N05151,2019,WP,MM,PHANFONE,12.7,119.6,109,109,95,968,2,32,20,20,26,8,285
2020034S17129,2020,SI,WA,DAMIEN,-19.4,116.5,135,105,88,968,2,65,48,40,35,6,195
2020034S17129,2020,SI,WA,DAMIEN,-19.7,116.4,105,94,90,966,2,75,50,40,30,6,185
2020034S17129,2020,SI,WA,DAMIEN,-19.8,116.4,94,81,91,964,2,72,50,41,33,6,165
2020034S17129,2020,SI,WA,DAMIEN,-19.9,116.5,81,70,92,963,2,70,50,42,35,6,165
2020034S17129,2020,SI,WA,DAMIEN,-20,116.5,70,59,93,961,2,68,50,43,38,8,170
2020034S17129,2020,SI,WA,DAMIEN,-20.1,116.5,59,35,93,959,2,65,50,43,40,9,165
2020034S17129,2020,SI,WA,DAMIEN,-20.3,116.6,35,24,94,958,2,62,50,44,43,8,160
2020034S17129,2020,SI,WA,DAMIEN,-20.4,116.6,24,0,95,956,2,60,50,45,45,9,165
2020034S17129,2020,SI,WA,DAMIEN,-20.6,116.7,0,0,92,959,2, , , , ,10,165
2020034S17129,2020,SI,WA,DAMIEN,-20.7,116.7,0,0,90,962,2, , , , ,9,165
2020034S17129,2020,SI,WA,DAMIEN,-20.9,116.8,0,0,88,965,2, , , , ,9,160
2020034S17129,2020,SI,WA,DAMIEN,-21.3,117,0,0,80,973,1, , , , ,8,155
2020034S17129,2020,SI,WA,DAMIEN,-21.6,117.1,0,0,73,978,1, , , , ,8,155
2020034S17129,2020,SI,WA,DAMIEN,-22,117.4,0,0,65,983,1,45,30,35,35,9,155
2020072S14054,2020,SI,MM,HEROLD,-15,51.4,102,99,65,984,1,30,30,25,35,2,95
2020072S14054,2020,SI,MM,HEROLD,-15,51.5,109,109,65,985,1,33,30,25,35,3,110
2020073S14149,2020,SP,MM,GRETEL,-21.6,163.5,129,108,65,974,1,100,50,55,100,24,130
2020092S09155,2020,SP,MM,HAROLD,-14.6,165.3,131,107,115,941,4,40,35,50,45,5,130
2020092S09155,2020,SP,MM,HAROLD,-14.8,165.5,107,88,108,948,3,40,33,50,45,5,140
2020092S09155,2020,SP,MM,HAROLD,-15,165.7,88,88,100,954,3,40,30,50,45,5,165
2020092S09155,2020,SP,MM,HAROLD,-15.3,165.7,96,96,98,957,3,38,30,48,43,5,190
2020092S09155,2020,SP,MM,HAROLD,-15.5,165.6,107,107,95,960,2,35,30,45,40,3,210
2020092S09155,2020,SP,MM,HAROLD,-15.5,165.5,118,107,113,943,4,35,30,40,40,2,50
2020092S09155,2020,SP,MM,HAROLD,-15.4,165.6,107,85,120,936,4,35,30,40,40,3,75
2020092S09155,2020,SP,MM,HAROLD,-15.4,165.8,85,54,123,933,4,40,30,43,40,5,95
2020092S09155,2020,SP,MM,HAROLD,-15.5,166.1,54,24,125,930,4,45,30,45,40,6,100
2020092S09155,2020,SP,MM,HAROLD,-15.5,166.5,15,0,123,933,4,48,33,45,38,7,100
2020092S09155,2020,SP,MM,HAROLD,-15.6,166.9,0,0,120,936,4,50,35,45,35,8,100
2020092S09155,2020,SP,MM,HAROLD,-15.7,167.3,24,24,133,923,4,48,33,38,33,9,105
2020092S09155,2020,SP,MM,HAROLD,-15.8,167.8,48,48,145,909,5,45,30,30,30,10,100
2020092S09155,2020,SP,MM,HAROLD,-15.9,168.3,69,69,143,913,5,53,35,35,45,10,105
2020092S09155,2020,SP,MM,HAROLD,-16,168.8,111,109,140,917,5,60,40,40,60,9,110
2020092S09155,2020,SP,MM,HAROLD,-18,175.8,148,61,105,953,3,60,40,50,60,20,115
2020092S09155,2020,SP,MM,HAROLD,-18.4,176.8,61,54,113,947,4,63,43,53,60,22,115
2020092S09155,2020,SP,MM,HAROLD,-18.9,177.9,67,67,120,940,4,65,45,55,60,22,115
2020129N07134,2020,WP,MM,VONGFONG,12.1,126.6,120,76,98,964,3,35,33,28,30,8,265
2020129N07134,2020,WP,MM,VONGFONG,12.1,126.2,76,34,95,966,2,35,35,25,30,8,270
2020129N07134,2020,WP,MM,VONGFONG,12.1,125.8,34,0,98,964,3,40,43,23,30,9,275
2020129N07134,2020,WP,MM,VONGFONG,12.2,125.3,0,0,100,962,3,45,50,20,30,8,275
2020129N07134,2020,WP,MM,VONGFONG,12.2,124.9,0,0,93,968,2,43,45,20,30,8,280
2020129N07134,2020,WP,MM,VONGFONG,12.3,124.5,0,0,85,974,2,40,40,20,30,9,285
2020129N07134,2020,WP,MM,VONGFONG,12.5,124.1,0,0,75,981,1,35,35,20,28,9,290
2020129N07134,2020,WP,MM,VONGFONG,12.6,123.6,24,15,65,987,1,30,30,20,25,10,300
2020129N07134,2020,WP,MM,VONGFONG,12.9,123.1,24,10,65,987,1,28,25,15,23,10,305
2020129N07134,2020,WP,MM,VONGFONG,13.3,122.7,0,0,65,987,1,25,20,10,20,10,310
2020136N10088,2020,NI,BB,AMPHAN,19.8,87.7,118,96,98,950,3,63,80,58,53,15,15
2020136N10088,2020,NI,BB,AMPHAN,20.6,88,104,35,95,953,2,50,75,45,40,16,15
2020136N10088,2020,NI,BB,AMPHAN,21.4,88.1,24,0,95,954,2,43,68,40,38,16,15
2020136N10088,2020,NI,BB,AMPHAN,22.1,88.4,0,0,95,954,2,35,60,35,35,16,20
2020136N10088,2020,NI,BB,AMPHAN,22.8,88.6,0,0,83,964,2,35,45,33,30,16,25
2020136N10088,2020,NI,BB,AMPHAN,23.5,89.1,0,0,70,974,1,35,30,30,25,16,20
2020153N13072,2020,NI,AS,NISARGA,17,71.9,144,111,68,981,1,33,35,30,30,7,40
2020153N13072,2020,NI,AS,NISARGA,17.3,72.1,101,74,75,974,1,35,40,35,35,8,45
2020153N13072,2020,NI,AS,NISARGA,17.6,72.4,74,21,80,971,1,43,30,28,43,10,40
2020153N13072,2020,NI,AS,NISARGA,18.1,72.9,10,0,85,968,2,50,20,20,50,12,40
2020153N13072,2020,NI,AS,NISARGA,18.5,73.2,0,0,78,974,1,45,30,33,48,13,40
2020153N13072,2020,NI,AS,NISARGA,19.1,73.7,0,0,70,979,1,40,40,45,45,13,35
2020202N15241,2020,EP,CP,DOUGLAS,20.7,-154.4,114,96,78,985,1,40,30,20,38,15,290
2020202N15241,2020,EP,CP,DOUGLAS,21,-155.1,96,59,75,987,1,40,25,20,35,15,295
2020202N15241,2020,EP,CP,DOUGLAS,21.3,-155.9,56,56,75,988,1,48,28,20,40,16,295
2020202N15241,2020,EP,CP,DOUGLAS,21.7,-156.6,89,76,75,989,1,55,30,20,45,15,295
2020202N15241,2020,EP,CP,DOUGLAS,22,-157.3,76,63,78,988,1,48,30,25,48,15,295
2020202N15241,2020,EP,CP,DOUGLAS,22.3,-158.1,78,68,80,987,1,40,30,30,50,15,290
2020202N15241,2020,EP,CP,DOUGLAS,22.5,-158.9,60,55,80,987,1,40,28,25,45,15,285
2020202N15241,2020,EP,CP,DOUGLAS,22.7,-159.7,67,67,80,987,1,40,25,20,40,16,280
2020205N26272,2020,NA,GM,HANNA,27.1,-96,135,104,70,981,1,40,30,20,40,7,260
2020205N26272,2020,NA,GM,HANNA,27,-96.4,104,68,75,977,1,45,35,25,45,7,255
2020205N26272,2020,NA,GM,HANNA,26.9,-96.8,68,39,80,973,1,50,40,30,50,7,255
2020205N26272,2020,NA,GM,HANNA,26.8,-97.2,29,22,80,973,1,50,33,30,50,7,255
2020205N26272,2020,NA,GM,HANNA,26.8,-97.3,22,0,80,973,1,50,30,30,50,9,245
2020205N26272,2020,NA,GM,HANNA,26.7,-97.5,0,0,80,974,1,50,30,30,50,9,250
2020205N26272,2020,NA,NA,HANNA,26.7,-97.6,0,0,75,976,1,50,40,20,30,8,260
2020205N26272,2020,NA,NA,HANNA,26.6,-98,0,0,65,982,1,40,30,20,25,8,255
2020211N13306,2020,NA,NA,ISAIAS,19.9,-71.2,11,11,65,996,1,80,40,20,80,15,295
2020211N13306,2020,NA,NA,ISAIAS,20.2,-72,49,49,68,993,1,80,40,25,80,15,295
2020211N13306,2020,NA,NA,ISAIAS,20.5,-72.7,67,11,70,990,1,80,40,30,80,15,295
2020211N13306,2020,NA,NA,ISAIAS,20.9,-73.4,11,0,70,990,1,80,40,30,80,15,305
2020211N13306,2020,NA,NA,ISAIAS,21.3,-74,38,38,65,992,1,80,40,30,70,14,305
2020211N13306,2020,NA,NA,ISAIAS,21.7,-74.6,114,114,68,991,1,80,35,15,60,13,310
2020211N13306,2020,NA,NA,ISAIAS,23.6,-76.7,142,97,75,987,1,80,30,0,50,10,315
2020211N13306,2020,NA,NA,ISAIAS,24,-77,90,30,73,987,1,75,30,0,40,10,315
2020211N13306,2020,NA,NA,ISAIAS,24.3,-77.5,30,11,70,987,1,70,30,0,30,11,305
2020211N13306,2020,NA,NA,ISAIAS,24.4,-77.7,11,0,70,989,1,60,30,0,30,11,300
2020211N13306,2020,NA,NA,ISAIAS,24.6,-78,0,0,66,991,1,56,30,0,30,8,305
2020211N13306,2020,NA,NA,ISAIAS,31.2,-79.7,137,91,65,991,1,50,50,0,20,14,15
2020211N13306,2020,NA,NA,ISAIAS,31.9,-79.5,91,38,73,989,1,50,50,15,25,17,20
2020211N13306,2020,NA,NA,ISAIAS,32.8,-79.1,35,11,80,986,1,50,50,30,30,21,20
2020211N13306,2020,NA,NA,ISAIAS,33.8,-78.5,11,0,80,986,1,50,50,30,30,23,25
2020211N13306,2020,NA,NA,ISAIAS,33.9,-78.5,0,0,80,986,1,50,50,30,30,24,15
2020213N15131,2020,WP,MM,HAGUPIT,25.5,123,114,106,65,980,1,58,48,35,40,15,325
2020213N15131,2020,WP,MM,HAGUPIT,26.8,121.7,126,76,75,971,1,45,45,55,35,9,320
2020213N15131,2020,WP,MM,HAGUPIT,27.2,121.4,76,36,75,971,1,50,58,58,33,11,330
2020213N15131,2020,WP,MM,HAGUPIT,27.7,121.1,29,0,75,971,1,55,70,60,30,11,335
2020222N15117,2020,WP,MM,MEKKHALA,22.9,118.2,108,46,65,984,1,35,60,35,15,13,345
2020222N15117,2020,WP,MM,MEKKHALA,23.5,118,46,0,70,980,1,20,20,20,20,14,340
2020222N15117,2020,WP,MM,MEKKHALA,24.2,117.7,0,0,70,980,1,20,25,30,10,15,340
2020230N11264,2020,EP,MM,GENEVIEVE,21.7,-110,134,102,75,977,1,50,30,20,50,7,340
2020230N11264,2020,EP,MM,GENEVIEVE,22,-110.2,102,84,73,978,1,50,30,20,50,8,320
2020230N11264,2020,EP,MM,GENEVIEVE,22.3,-110.5,84,83,70,979,1,50,30,20,50,8,315
2020230N11264,2020,EP,MM,GENEVIEVE,22.6,-110.8,88,88,68,981,1,50,35,35,50,9,315
2020230N11264,2020,EP,MM,GENEVIEVE,22.9,-111.2,108,105,65,983,1,50,40,50,50,9,310
2020233N14313,2020,NA,GM,LAURA,28.5,-93,128,72,130,937,4,90,90,50,60,13,345
2020233N14313,2020,NA,GM,LAURA,29.1,-93.2,72,0,130,938,4,75,80,45,50,13,350
2020233N14313,2020,NA,GM,LAURA,29.8,-93.3,0,0,130,939,4,60,70,40,40,14,355
2020233N14313,2020,NA,NA,LAURA,30.5,-93.4,0,0,108,955,3,55,55,35,35,14,0
2020233N14313,2020,NA,NA,LAURA,31.2,-93.3,0,0,85,970,2,50,40,30,30,15,5
2020233N14313,2020,NA,NA,LAURA,32,-93.1,0,0,70,979,1,40,35,15,15,16,10
2020234N19123,2020,WP,MM,BAVI,36,124.6,155,89,85,952,2, , , , ,20,10
2020234N19123,2020,WP,MM,BAVI,37,124.8,89,11,80,955,1, , , , ,21,5
2020234N19123,2020,WP,MM,BAVI,38.1,124.8,0,0,73,961,1, , , , ,22,0
2020234N19123,2020,WP,MM,BAVI,39.2,124.8,40,0,65,966,1, , , , ,25,5
2020239N13134,2020,WP,MM,MAYSAK,32.4,127.5,119,94,83,958,2,83,103,70,65,16,25
2020239N13134,2020,WP,MM,MAYSAK,33.2,127.9,98,72,80,960,1,65,95,60,55,19,20
2020239N13134,2020,WP,MM,MAYSAK,34.2,128.3,63,0,78,962,1,63,68,50,38,24,20
2020239N13134,2020,WP,MM,MAYSAK,35.5,128.9,0,0,75,963,1,60,40,40,20,31,15
2020239N13134,2020,WP,MM,MAYSAK,37.1,129.3,0,0,65,969,1,45,33,30,20,35,10
2020244N25146,2020,WP,MM,HAISHEN,30.2,129.7,121,74,98,945,3,75,78,58,63,17,340
2020244N25146,2020,WP,MM,HAISHEN,31,129.4,79,75,95,945,2,60,60,50,50,18,345
2020244N25146,2020,WP,MM,HAISHEN,31.9,129.2,91,46,90,949,2,55,55,45,45,20,350
2020244N25146,2020,WP,MM,HAISHEN,33,129.1,47,46,85,952,2,50,50,40,40,22,355
2020244N25146,2020,WP,MM,HAISHEN,34.1,129.1,99,0,80,955,1,48,45,35,35,25,0
2020244N25146,2020,WP,MM,HAISHEN,35.5,129.2,0,0,75,958,1,45,40,30,30,29,0
2020244N25146,2020,WP,MM,HAISHEN,37,129.1,0,0,65,966,1,40,38,25,25,29,360
2020245N16285,2020,NA,CS,NANA,16.9,-87.5,75,0,65,994,1,20,20,0,20,15,260
2020245N16285,2020,NA,CS,NANA,16.8,-88.3,0,0,65,994,1,20,20,0,20,15,260
2020256N25281,2020,NA,GM,SALLY,28.7,-87.7,134,115,75,986,1,70,40,0,30,3,285
2020256N25281,2020,NA,GM,SALLY,28.7,-87.9,115,102,73,985,1,70,40,0,30,3,290
2020256N25281,2020,NA,GM,SALLY,28.8,-88,102,90,70,984,1,70,40,0,30,2,310
2020256N25281,2020,NA,GM,SALLY,28.9,-88.1,90,88,70,983,1,70,40,0,35,2,335
2020256N25281,2020,NA,GM,SALLY,29,-88.1,88,87,70,982,1,70,40,0,40,3,355
2020256N25281,2020,NA,GM,SALLY,29.1,-88.1,87,87,70,982,1,70,40,0,40,3,0
2020256N25281,2020,NA,GM,SALLY,29.3,-88.1,90,89,70,981,1,70,40,0,40,3,10
2020256N25281,2020,NA,GM,SALLY,29.5,-88.1,78,66,73,978,1,70,40,15,45,3,15
2020256N25281,2020,NA,GM,SALLY,29.6,-88,66,55,75,975,1,70,40,30,50,3,15
2020256N25281,2020,NA,GM,SALLY,29.7,-88,55,34,85,971,2,70,40,30,50,3,15
2020256N25281,2020,NA,GM,SALLY,29.9,-87.9,34,11,95,967,2,70,40,30,50,5,20
2020256N25281,2020,NA,GM,SALLY,30.2,-87.7,11,0,95,965,2,70,40,30,50,7,25
2020256N25281,2020,NA,NA,SALLY,30.3,-87.7,0,0,95,965,2,70,40,30,50,6,25
2020256N25281,2020,NA,NA,SALLY,30.5,-87.6,0,0,85,967,2,60,40,30,40,6,25
2020256N25281,2020,NA,NA,SALLY,30.8,-87.4,0,0,73,975,1,50,35,30,30,7,30
2020276N17277,2020,NA,CS,GAMMA,20.2,-87.4,10,0,65,978,1,25,0,0,0,9,335
2020279N16284,2020,NA,CS,DELTA,20.1,-85.9,130,53,90,968,2,40,40,30,30,15,305
2020279N16284,2020,NA,CS,DELTA,20.5,-86.5,53,0,90,970,2,40,40,30,30,16,305
2020279N16284,2020,NA,CS,DELTA,20.8,-86.9,0,0,90,971,2,40,40,30,30,20,305
2020279N16284,2020,NA,NA,DELTA,21.1,-87.4,0,0,85,973,2,40,40,30,30,18,300
2020279N16284,2020,NA,NA,DELTA,21.5,-88.2,0,0,80,976,1,40,35,25,30,14,295
2020279N16284,2020,NA,GM,DELTA,21.7,-88.8,30,30,75,978,1,40,30,20,30,13,295
2020279N16284,2020,NA,GM,DELTA,22,-89.5,80,80,78,976,1,40,30,20,30,14,295
2020279N16284,2020,NA,GM,DELTA,28.1,-93.8,169,113,95,962,2,50,40,40,50,12,10
2020279N16284,2020,NA,GM,DELTA,28.7,-93.6,113,55,90,966,2,50,40,40,50,13,15
2020279N16284,2020,NA,GM,DELTA,29.3,-93.4,55,0,87,968,2,50,40,40,50,14,20
2020279N16284,2020,NA,GM,DELTA,29.8,-93.1,0,0,85,970,2,50,40,40,50,18,30
2020279N16284,2020,NA,NA,DELTA,30.1,-92.9,0,0,75,971,1,40,40,40,40,17,25
2020296N09137,2020,WP,MM,MOLAVE,13.4,124.8,54,11,65,985,1,25,25,25,20,15,265
2020296N09137,2020,WP,MM,MOLAVE,13.4,124.1,15,0,68,985,1,28,28,28,23,15,265
2020296N09137,2020,WP,MM,MOLAVE,13.3,123.2,10,0,70,984,1,30,30,30,25,15,265
2020296N09137,2020,WP,MM,MOLAVE,13.2,122.5,10,10,73,982,1,33,33,35,33,14,265
2020296N09137,2020,WP,MM,MOLAVE,13.2,121.8,39,0,75,980,1,35,35,40,40,13,265
2020296N09137,2020,WP,MM,MOLAVE,13.1,121.2,0,0,78,979,1,40,43,45,45,13,270
2020296N09137,2020,WP,MM,MOLAVE,13.1,120.4,15,15,80,977,1,45,50,50,50,15,270
2020296N09137,2020,WP,MM,MOLAVE,13.2,119.7,68,68,83,973,2,43,45,50,50,15,275
2020296N09137,2020,WP,MM,MOLAVE,14.3,110.4,126,75,90,965,2,75,70,65,85,13,290
2020296N09137,2020,WP,MM,MOLAVE,14.6,109.8,75,15,80,975,1,70,65,55,70,13,295
2020296N09137,2020,WP,MM,MOLAVE,14.9,109.2,21,0,75,975,1,63,48,43,55,13,300
2020296N09137,2020,WP,MM,MOLAVE,15.2,108.6,0,0,70,974,1,55,30,30,40,12,295
2020299N11144,2020,WP,MM,GONI,13.9,125.8,151,75,168,888,5,58,48,50,80,15,250
2020299N11144,2020,WP,MM,GONI,13.7,125,64,0,170,884,5,60,50,55,90,15,255
2020299N11144,2020,WP,MM,GONI,13.6,124.3,0,0,150,908,5,55,48,50,85,15,265
2020299N11144,2020,WP,MM,GONI,13.5,123.6,0,0,130,932,4,50,45,45,80,14,270
2020299N11144,2020,WP,MM,GONI,13.6,122.8,10,0,103,956,3,45,43,43,75,14,275
2020299N11144,2020,WP,MM,GONI,13.7,122.2,0,0,75,980,1,40,40,40,70,12,285
2020299N11144,2020,WP,MM,GONI,13.9,121.6,0,0,68,985,1,35,35,35,60,11,295
2020299N18277,2020,NA,CS,ZETA,19.6,-86.1,136,94,70,982,1,60,60,20,40,10,300
2020299N18277,2020,NA,CS,ZETA,19.9,-86.6,94,23,70,980,1,70,70,20,40,12,305
2020299N18277,2020,NA,CS,ZETA,20.3,-87.2,23,0,74,978,1,70,70,20,40,14,305
2020299N18277,2020,NA,NA,ZETA,20.4,-87.4,0,0,75,977,1,70,70,20,40,15,295
2020299N18277,2020,NA,NA,ZETA,20.6,-87.9,0,0,65,981,1,70,70,20,40,14,295
2020299N18277,2020,NA,GM,ZETA,28,-91.1,124,0,95,973,2,70,70,20,20,24,20
2020299N18277,2020,NA,GM,ZETA,29.2,-90.6,0,0,100,970,3,70,70,20,20,24,25
2020299N18277,2020,NA,GM,ZETA,30.2,-89.9,11,0,85,973,2,70,70,20,20,27,35
2020299N18277,2020,NA,NA,ZETA,31.4,-88.9,0,0,73,980,1,35,60,10,10,33,40
2020306N15288,2020,NA,CS,ETA,14.7,-82,122,99,115,948,4,30,30,20,30,7,250
2020306N15288,2020,NA,CS,ETA,14.5,-82.3,99,75,123,939,4,30,30,25,30,6,230
2020306N15288,2020,NA,CS,ETA,14.3,-82.5,75,55,130,929,4,30,30,30,30,6,230
2020306N15288,2020,NA,CS,ETA,14.1,-82.7,55,46,130,926,4,30,30,30,30,5,230
2020306N15288,2020,NA,CS,ETA,14,-82.9,46,44,130,922,4,30,30,30,30,5,215
2020306N15288,2020,NA,CS,ETA,13.8,-83,48,43,128,929,4,30,30,30,30,4,205
2020306N15288,2020,NA,CS,ETA,13.6,-83.1,43,32,125,936,4,30,30,30,30,2,225
2020306N15288,2020,NA,CS,ETA,13.6,-83.2,32,21,123,938,4,30,30,30,30,2,295
2020306N15288,2020,NA,CS,ETA,13.7,-83.3,21,0,120,940,4,30,30,30,30,4,300
2020306N15288,2020,NA,CS,ETA,13.8,-83.5,0,0,120,940,4,30,30,30,30,4,285
2020306N15288,2020,NA,NA,ETA,13.8,-83.7,0,0,95,965,2,30,30,30,30,5,270
2020306N15288,2020,NA,NA,ETA,13.8,-84,0,0,83,973,2,30,30,30,30,6,270
2020306N15288,2020,NA,NA,ETA,13.8,-84.3,0,0,70,980,1,30,30,30,30,6,270
2020313N08135,2020,WP,MM,VAMCO,14.6,125.2,116,79,65,987,1,60,43,20,30,11,275
2020313N08135,2020,WP,MM,VAMCO,14.6,124.6,74,67,70,985,1,85,65,30,40,11,265
2020313N08135,2020,WP,MM,VAMCO,14.6,124.1,67,57,78,980,1,88,68,38,50,11,260
2020313N08135,2020,WP,MM,VAMCO,14.5,123.5,59,46,85,974,2,90,70,45,60,9,265
2020313N08135,2020,WP,MM,VAMCO,14.5,123.2,46,39,93,967,2,95,75,45,80,7,285
2020313N08135,2020,WP,MM,VAMCO,14.7,122.8,55,55,100,960,3,100,80,45,100,11,290
2020313N08135,2020,WP,MM,VAMCO,14.9,122.1,48,0,98,961,3,95,75,48,95,15,285
2020313N08135,2020,WP,MM,VAMCO,15.1,121.3,0,0,95,961,2,90,70,50,90,15,280
2020313N08135,2020,WP,MM,VAMCO,15.2,120.6,0,0,88,968,2,85,65,50,85,15,275
2020313N08135,2020,WP,MM,VAMCO,15.2,119.8,24,24,80,974,1,80,60,50,80,14,275
2020313N08135,2020,WP,MM,VAMCO,15.3,119.1,86,86,78,976,1,75,58,53,75,13,270
2020313N08135,2020,WP,MM,VAMCO,16.3,109.4,120,85,95,963,2,50,60,55,55,10,295
2020313N08135,2020,WP,MM,VAMCO,16.5,108.9,85,64,90,969,2,48,55,48,48,11,295
2020313N08135,2020,WP,MM,VAMCO,16.8,108.4,74,61,85,975,2,45,50,40,40,9,295
2020313N08135,2020,WP,MM,VAMCO,16.9,108.1,62,46,80,979,1,40,43,35,35,8,295
2020313N08135,2020,WP,MM,VAMCO,17.1,107.7,54,24,75,983,1,35,35,30,30,10,300
2020313N08135,2020,WP,MM,VAMCO,17.4,107.1,30,10,68,987,1,30,30,23,28,12,305
2020318N16289,2020,NA,CS,IOTA,13.5,-82.3,129,97,130,918,4,80,60,50,80,7,275
2020318N16289,2020,NA,CS,IOTA,13.6,-82.6,97,54,130,918,4,80,60,50,80,7,280
2020318N16289,2020,NA,CS,IOTA,13.6,-83,54,10,130,918,4,80,60,50,80,7,275
2020318N16289,2020,NA,CS,IOTA,13.6,-83.4,10,0,126,921,4,80,60,50,72,8,270
2020318N16289,2020,NA,CS,IOTA,13.6,-83.5,0,0,125,922,4,80,60,50,70,8,285
2020318N16289,2020,NA,NA,IOTA,13.7,-83.8,0,0,110,935,3,70,60,30,60,8,280
2020318N16289,2020,NA,NA,IOTA,13.7,-84.2,0,0,93,950,2,65,50,15,55,9,270
2020318N16289,2020,NA,NA,IOTA,13.7,-84.7,0,0,75,965,1,60,40,0,50,9,270
2020318N16289,2020,NA,NA,IOTA,13.7,-85.2,0,0,65,977,1,60,20,0,25,10,270
2020326N11063,2020,NI,AS,GATI,10.4,52.6,131,65,100,967,3,20,20,20,25,15,260
2020326N11063,2020,NI,AS,GATI,10.4,52,65,10,95,971,2,23,23,23,25,11,270
2020326N11063,2020,NI,AS,GATI,10.4,51.5,10,0,90,974,2,25,25,25,25,10,270
2020326N11063,2020,NI,AS,GATI,10.4,51,0,0,78,983,1,25,23,23,23,9,270
2020326N11063,2020,NI,AS,GATI,10.4,50.6,0,0,65,992,1,25,20,20,20,8,275
2020327N08086,2020,NI,BB,NIVAR,11.3,81.1,131,114,65,986,1, , , , ,6,310
2020327N08086,2020,NI,BB,NIVAR,11.5,80.9,114,79,70,982,1,30,20,25,20,7,315
2020327N08086,2020,NI,BB,NIVAR,11.8,80.6,79,48,65,986,1, , , , ,8,315
